Price,Close,Return
Ticker,SPY,
Date,,
2015-01-05,167.50880432128906,-0.01805969001123464
2015-01-06,165.93106079101562,-0.009418869274759212
2015-01-07,167.998779296875,0.012461310715439877
2015-01-08,170.97991943359375,0.017745010703028363
2015-01-09,169.60972595214844,-0.008013768435406687
2015-01-12,168.28111267089844,-0.007833355509487938
2015-01-13,167.80775451660156,-0.0028129012625593974
2015-01-14,166.79473876953125,-0.006036763616726004
2015-01-15,165.26673889160156,-0.009160959687349646
2015-01-16,167.43409729003906,0.013114304868441007
2015-01-20,167.79115295410156,0.002132514642128047
2015-01-21,168.63815307617188,0.005047942678491513
2015-01-22,171.1460418701172,0.014871419949746167
2015-01-23,170.20758056640625,-0.005483394728013291
2015-01-26,170.60623168945312,0.0023421466994610896
2015-01-27,168.3558349609375,-0.013190589266468988
2015-01-28,166.19677734375,-0.012824370582038003
2015-01-29,167.73304748535156,0.009243681894168354
2015-01-30,165.62379455566406,-0.012575058769332292
2015-02-02,167.6749725341797,0.012384560950426948
2015-02-03,170.0996551513672,0.014460611387267397
2015-02-04,169.45196533203125,-0.003807708009517019
2015-02-05,171.16258239746094,0.010094996904154163
2015-02-06,170.689208984375,-0.002765636078022604
2015-02-09,169.9252471923828,-0.004475747450807588
2015-02-10,171.73561096191406,0.010653883395453478
2015-02-11,171.83526611328125,0.0005802823934359935
2015-02-12,173.4876708984375,0.009616214543916257
2015-02-13,174.20187377929688,0.004116735657126114
2015-02-17,174.47586059570312,0.0015728121085158975
2015-02-18,174.4925079345703,9.541342172125766e-05
2015-02-19,174.36793518066406,-0.0007139146280880082
2015-02-20,175.41427612304688,0.006000764654916058
2015-02-23,175.389404296875,-0.00014178906484452192
2015-02-24,175.88766479492188,0.002840881409252649
2015-02-25,175.73806762695312,-0.0008505267731149235
2015-02-26,175.530517578125,-0.00118101929553871
2015-02-27,174.93263244628906,-0.0034061605929569527
2015-03-02,176.03709411621094,0.006313640025173539
2015-03-03,175.31466674804688,-0.004103836022691598
2015-03-04,174.57554626464844,-0.004215964911028602
2015-03-05,174.76654052734375,0.001094049348731696
2015-03-06,172.30853271484375,-0.014064521761906867
2015-03-09,173.02272033691406,0.0041448186623016525
2015-03-10,170.21588134765625,-0.016222372320769618
2015-03-11,169.81735229492188,-0.002341315331913174
2015-03-12,171.97634887695312,0.01271363940642356
2015-03-13,170.92176818847656,-0.00613212627994042
2015-03-16,173.20538330078125,0.013360586755611692
2015-03-17,172.6905059814453,-0.002972640396758486
2015-03-18,174.76654052734375,0.012021706312688174
2015-03-19,173.9693603515625,-0.0045614004452787515
2015-03-20,175.50497436523438,0.008826922226814249
2015-03-23,175.16297912597656,-0.001948635589929748
2015-03-24,174.17872619628906,-0.005619069363850149
2015-03-25,171.62632751464844,-0.014653906004366002
2015-03-26,171.21766662597656,-0.002381108391642295
2015-03-27,171.6096954345703,0.002289651624853173
2015-03-30,173.70327758789062,0.012199672914858795
2015-03-31,172.18519592285156,-0.008739510768706937
2015-04-01,171.5762939453125,-0.0035363201480566042
2015-04-02,172.19354248046875,0.003597516422361835
2015-04-06,173.35296630859375,0.006733259629968513
2015-04-07,172.8942108154297,-0.0026463665602780573
2015-04-08,173.47805786132812,0.003376903385861274
2015-04-09,174.24545288085938,0.004423585489668591
2015-04-10,175.19631958007812,0.005457053159768188
2015-04-13,174.40391540527344,-0.004522949892463379
2015-04-14,174.7375946044922,0.0019132552067042674
2015-04-15,175.52162170410156,0.004486882753444998
2015-04-16,175.47154235839844,-0.0002853172459148512
2015-04-17,173.45301818847656,-0.011503427523302134
2015-04-20,175.03787231445312,0.00913708012998904
2015-04-21,174.82936096191406,-0.00119123564393242
2015-04-22,175.68850708007812,0.004914198126888092
2015-04-23,176.13052368164062,0.0025159107383219137
2015-04-24,176.53929138183594,0.0023208226016189215
2015-04-27,175.80526733398438,-0.004157850879008884
2015-04-28,176.3640899658203,0.003178645556588089
2015-04-29,175.638427734375,-0.004114569080281294
2015-04-30,173.87843322753906,-0.010020554895296852
2015-05-01,175.76353454589844,0.010841490134043896
2015-05-04,176.2639617919922,0.0028471619405392445
2015-05-05,174.24545288085938,-0.011451625678962296
2015-05-06,173.5281219482422,-0.004116784230275838
2015-05-07,174.22048950195312,0.003989944372920995
2015-05-08,176.5142059326172,0.013165595144527087
2015-05-11,175.6717987060547,-0.0047724613557963425
2015-05-12,175.14630126953125,-0.002991359116227499
2015-05-13,175.1796875,0.00019061910087025957
2015-05-14,177.00637817382812,0.010427525587566322
2015-05-15,177.1982421875,0.0010839384187808498
2015-05-18,177.74871826171875,0.003106554937696737
2015-05-19,177.69033813476562,-0.0003284419011515549
2015-05-20,177.56520080566406,-0.000704243857123199
2015-05-21,178.08233642578125,0.0029123703167670545
2015-05-22,177.65695190429688,-0.002388695757378878
2015-05-26,175.74684143066406,-0.010751678744672977
2015-05-27,177.4150848388672,0.009492309475509275
2015-05-28,177.21490478515625,-0.0011283147309190111
2015-05-29,176.11386108398438,-0.006213042308753414
2015-06-01,176.4725341796875,0.0020365977640572908
2015-06-02,176.29736328125,-0.0009926241454613072
2015-06-03,176.7645263671875,0.002649858609582445
2015-06-04,175.2714080810547,-0.008446933990766903
2015-06-05,174.9711151123047,-0.0017133026546527486
2015-06-08,173.89515686035156,-0.006149347858145138
2015-06-09,173.87008666992188,-0.0001441684224122719
2015-06-10,175.95538330078125,0.011993418021457147
2015-06-11,176.52256774902344,0.0032234560693868985
2015-06-12,175.1713409423828,-0.007654697208811179
2015-06-15,174.42063903808594,-0.004285529243872155
2015-06-16,175.37155151367188,0.005451834604150774
2015-06-17,175.6550750732422,0.0016167021225685918
2015-06-18,177.4818115234375,0.010399565451972403
2015-06-19,176.6939239501953,-0.004439258121602729
2015-06-22,177.59912109375,0.005122967011643498
2015-06-23,177.724853515625,0.0007079563294045688
2015-06-24,176.43406677246094,-0.007262837569595115
2015-06-25,175.89767456054688,-0.003040185048876154
2015-06-26,175.86415100097656,-0.00019058557569939794
2015-06-29,172.1761932373047,-0.020970491954618975
2015-06-30,172.53663635253906,0.0020934550152214015
2015-07-01,173.91961669921875,0.008015574986948826
2015-07-02,173.76028442382812,-0.0009161259575806158
2015-07-06,173.26583862304688,-0.0028455627960140006
2015-07-07,174.35537719726562,0.006288248063653912
2015-07-08,171.43023681640625,-0.016776886539896507
2015-07-09,171.7403564453125,0.0018090135944826002
2015-07-10,173.90280151367188,0.012591362409615003
2015-07-13,175.8222198486328,0.011037305427250566
2015-07-14,176.58493041992188,0.004337964632375124
2015-07-15,176.52630615234375,-0.00033198907425857627
2015-07-16,177.94277954101562,0.008024149032209715
2015-07-17,178.0936737060547,0.0008479926267774829
2015-07-20,178.18580627441406,0.0005173264520976772
2015-07-21,177.48182678222656,-0.00395081688551191
2015-07-22,177.16326904296875,-0.0017948752558688552
2015-07-23,176.1658935546875,-0.005629696797022521
2015-07-24,174.3386993408203,-0.010372008888882678
2015-07-27,173.324462890625,-0.005817620838231341
2015-07-28,175.4534149169922,0.01228304412926784
2015-07-29,176.66041564941406,0.006879323112593205
2015-07-30,176.70236206054688,0.00023744091724564598
2015-07-31,176.43406677246094,-0.0015183457932158584
2015-08-03,175.83897399902344,-0.003372890419200969
2015-08-04,175.49534606933594,-0.0019542193739677804
2015-08-05,176.0736541748047,0.0032952902650777993
2015-08-06,174.6320343017578,-0.008187595582105911
2015-08-07,174.29673767089844,-0.0019200178947694768
2015-08-10,176.49276733398438,0.012599373301136696
2015-08-11,174.90020751953125,-0.00902337154382915
2015-08-12,175.1097869873047,0.001198280269335994
2015-08-13,174.8917999267578,-0.0012448593782063977
2015-08-14,175.5288543701172,0.0036425632512568917
2015-08-17,176.50950622558594,0.00558684131442555
2015-08-18,175.9982452392578,-0.002896506807257837
2015-08-19,174.6068878173828,-0.007905518716868731
2015-08-20,170.9608154296875,-0.020881606867128033
2015-08-21,165.8145294189453,-0.030102137719732247
2015-08-24,158.83258056640625,-0.04210697866468949
2015-08-25,156.96351623535156,-0.0117675122093307
2015-08-26,162.98985290527344,0.03839323184430943
2015-08-27,167.02145385742188,0.02473528799668001
2015-08-28,167.02980041503906,4.997296709152721e-05
2015-08-31,165.6804656982422,-0.008078407047389269
2015-09-01,160.7352294921875,-0.0298480341977162
2015-09-02,163.78616333007812,0.018981114765751483
2015-09-03,163.9034881591797,0.0007163293083867206
2015-09-04,161.42257690429688,-0.015136415232807066
2015-09-08,165.47927856445312,0.025130943502168046
2015-09-09,163.2664794921875,-0.0133720613931958
2015-09-10,164.15493774414062,0.00544176768382898
2015-09-11,164.9009246826172,0.004544407550135965
2015-09-14,164.28903198242188,-0.0037106687022708806
2015-09-15,166.34259033203125,0.012499667962186933
2015-09-16,167.78419494628906,0.008666479290603046
2015-09-17,167.40699768066406,-0.002248109637178586
2015-09-18,164.67132568359375,-0.01634144351772393
2015-09-21,165.52232360839844,0.005167857374512419
2015-09-22,163.37391662597656,-0.012979560312992522
2015-09-23,163.11265563964844,-0.0015991597173142802
2015-09-24,162.52291870117188,-0.003615519201523032
2015-09-25,162.48077392578125,-0.00025931589050598447
2015-09-28,158.40292358398438,-0.025097433027119753
2015-09-29,158.4956512451172,0.0005853910965452069
2015-09-30,161.4529266357422,0.01865840082925363
2015-10-01,161.87416076660156,0.00260902133914076
2015-10-02,164.29220581054688,0.014937807445573492
2015-10-05,167.2157745361328,0.017794932578586442
2015-10-06,166.6428680419922,-0.003426151005967659
2015-10-07,168.00772094726562,0.00819028693702939
2015-10-08,169.52427673339844,0.009026702925211572
2015-10-09,169.6254425048828,0.0005967627376666229
2015-10-12,169.78555297851562,0.0009439060041256386
2015-10-13,168.71548461914062,-0.006302470031183449
2015-10-14,167.9066619873047,-0.004794003547817671
2015-10-15,170.48480224609375,0.015354603732066208
2015-10-16,171.2598876953125,0.004546360960080875
2015-10-19,171.34413146972656,0.0004919060472814429
2015-10-20,171.12506103515625,-0.001278540634518377
2015-10-21,170.0635528564453,-0.006203113514115066
2015-10-22,172.93649291992188,0.016893332023362406
2015-10-23,174.83216857910156,0.01096168672772535
2015-10-26,174.4025115966797,-0.002457539627368277
2015-10-27,174.06552124023438,-0.0019322563268161508
2015-10-28,176.04544067382812,0.011374564126695574
2015-10-29,175.94432067871094,-0.0005743971257088365
2015-10-30,175.18605041503906,-0.00430971719204587
2015-11-02,177.25865173339844,0.011830858184479265
2015-11-03,177.7725830078125,0.002899329704859843
2015-11-04,177.2333984375,-0.003033001834083726
2015-11-05,177.05650329589844,-0.0009980914610964176
2015-11-06,176.96376037597656,-0.0005238040862406423
2015-11-09,175.31239318847656,-0.009331668721276665
2015-11-10,175.716796875,0.0023067604016373533
2015-11-11,175.02598571777344,-0.003931389426122922
2015-11-12,172.58267211914062,-0.013959719116066638
2015-11-13,170.64486694335938,-0.011228271946348789
2015-11-16,173.23983764648438,0.015206848876305967
2015-11-17,173.11343383789062,-0.0007296463117894003
2015-11-18,175.86007690429688,0.015866146292137673
2015-11-19,175.70840454101562,-0.0008624604626085164
2015-11-20,176.3487091064453,0.0036441316913797817
2015-11-23,176.14651489257812,-0.0011465590811052806
2015-11-24,176.38246154785156,0.00133949090856178
2015-11-25,176.357177734375,-0.0001433465280770152
2015-11-27,176.5594024658203,0.001146677067773716
2015-11-30,175.82638549804688,-0.004151673360558328
2015-12-01,177.50299072265625,0.009535572376467849
2015-12-02,175.69161987304688,-0.010204734253968728
2015-12-03,173.2313690185547,-0.014003233940639515
2015-12-04,176.60992431640625,0.019503138011278454
2015-12-07,175.5399169921875,-0.006058591148602632
2015-12-08,174.3603515625,-0.006719642175403329
2015-12-09,173.00392150878906,-0.0077794638606514255
2015-12-10,173.450439453125,0.0025809700753705034
2015-12-11,170.0887908935547,-0.019381032242808516
2015-12-14,170.94815063476562,0.005052418426260363
2015-12-15,172.74276733398438,0.010498017630228729
2015-12-16,175.2703094482422,0.014631825999238623
2015-12-17,172.59950256347656,-0.015238216291016071
2015-12-18,169.52464294433594,-0.01781499699287825
2015-12-21,170.92306518554688,0.008249079407706583
2015-12-22,172.47401428222656,0.009073960234659006
2015-12-23,174.60984802246094,0.012383510345734816
2015-12-24,174.32168579101562,-0.0016503206131205372
2015-12-28,173.92337036132812,-0.0022849448012166595
2015-12-29,175.7794189453125,0.010671645680097042
2015-12-30,174.53359985351562,-0.0070874002159744265
2015-12-31,172.78768920898438,-0.01000329246630205
2016-01-04,170.3722381591797,-0.013979300613733092
2016-01-05,170.66036987304688,0.0016911893450504145
2016-01-06,168.50758361816406,-0.01261444737571038
2016-01-07,164.4647979736328,-0.023991713356308897
2016-01-08,162.6595916748047,-0.01097624732508129
2016-01-11,162.82061767578125,0.0009899569974236577
2016-01-12,164.13430786132812,0.008068328227097021
2016-01-13,160.04071044921875,-0.024940534769659073
2016-01-14,162.66806030273438,0.01641675949913557
2016-01-15,159.17616271972656,-0.021466399590117424
2016-01-19,159.38807678222656,0.001331317823467959
2016-01-20,157.345458984375,-0.012815373891752357
2016-01-21,158.2269287109375,0.005602130066238775
2016-01-22,161.47303771972656,0.020515528141984873
2016-01-25,159.03208923339844,-0.015116755842327967
2016-01-26,161.20179748535156,0.013643210388620597
2016-01-27,159.44741821289062,-0.01088312475312414
2016-01-28,160.27798461914062,0.005209030133940695
2016-01-29,164.18515014648438,0.02437743110276891
2016-02-01,164.12583923339844,-0.0003612440773907988
2016-02-02,161.16786193847656,-0.018022617942050068
2016-02-03,162.1340789794922,0.005995097467908828
2016-02-04,162.38833618164062,0.0015681909919789128
2016-02-05,159.2948760986328,-0.019049767709594656
2016-02-08,157.15052795410156,-0.013461501066760695
2016-02-09,157.15902709960938,5.408283140040382e-05
2016-02-10,157.02345275878906,-0.0008626570380483312
2016-02-11,154.98085021972656,-0.013008264072502773
2016-02-12,158.17608642578125,0.020616974300532
2016-02-16,160.84584045410156,0.01687836694311562
2016-02-17,163.47325134277344,0.016334963224750698
2016-02-18,162.80364990234375,-0.004096091776052413
2016-02-19,162.72740173339844,-0.000468344346033045
2016-02-22,165.0835723876953,0.014479249525270799
2016-02-23,162.9985809326172,-0.012629914805705633
2016-02-24,163.744384765625,0.004575523472293952
2016-02-25,165.7276611328125,0.01211202674232914
2016-02-26,165.34628295898438,-0.0023012342732725566
2016-02-29,164.0495147705078,-0.007842741701053146
2016-03-01,167.90585327148438,0.0235071618856737
2016-03-02,168.66017150878906,0.004492507096134579
2016-03-03,169.32127380371094,0.003919729767898561
2016-03-04,169.87213134765625,0.0032533274264396894
2016-03-07,170.00775146484375,0.0007983659009371813
2016-03-08,168.15162658691406,-0.01091788381374792
2016-03-09,168.98216247558594,0.004939208174965737
2016-03-10,169.1178436279297,0.0008029318027182875
2016-03-11,171.84689331054688,0.016136970671298823
2016-03-14,171.6265411376953,-0.0012822586932274005
2016-03-15,171.3468780517578,-0.0016294862326283743
2016-03-16,172.33843994140625,0.005786868724558358
2016-03-17,173.4317626953125,0.00634404462682836
2016-03-18,174.11331176757812,0.003929782305580165
2016-03-21,174.36032104492188,0.0014186696860576387
2016-03-22,174.2666778564453,-0.0005370670799145216
2016-03-23,173.11654663085938,-0.006599834459077525
2016-03-24,173.0398712158203,-0.0004429121105480327
2016-03-28,173.14212036132812,0.0005908993389176498
2016-03-29,174.7436981201172,0.009250075922870415
2016-03-30,175.5104522705078,0.004387878696853198
2016-03-31,175.08450317382812,-0.0024269158398794177
2016-04-01,176.27720642089844,0.006812157703564248
2016-04-04,175.7063751220703,-0.003238259275933575
2016-04-05,173.95144653320312,-0.009987848122459786
2016-04-06,175.85118103027344,0.010921061795871267
2016-04-07,173.74697875976562,-0.011965812559118216
2016-04-08,174.21559143066406,0.00269709824161235
2016-04-11,173.806640625,-0.002347383505148626
2016-04-12,175.42526245117188,0.009312773207924563
2016-04-13,177.1972198486328,0.010100924876507822
2016-04-14,177.2056884765625,4.779210383176746e-05
2016-04-15,177.0098114013672,-0.0011053656170931792
2016-04-18,178.25357055664062,0.007026498392528335
2016-04-19,178.81581115722656,0.0031541617866626126
2016-04-20,178.9862518310547,0.0009531633289310282
2016-04-21,178.02354431152344,-0.005378667409829618
2016-04-22,178.02354431152344,0.0
2016-04-25,177.71688842773438,-0.0017225580188002798
2016-04-26,177.98098754882812,0.0014860665377964821
2016-04-27,178.34732055664062,0.0020582704526908024
2016-04-28,176.72869873046875,-0.00907567223953798
2016-04-29,175.77450561523438,-0.005399197312540793
2016-05-02,177.17164611816406,0.007948482051134187
2016-05-03,175.62969970703125,-0.008703121774374711
2016-05-04,174.65003967285156,-0.005577986159595261
2016-05-05,174.615966796875,-0.00019509228878722418
2016-05-06,175.25486755371094,0.0036588908136856446
2016-05-09,175.39967346191406,0.0008262589805601017
2016-05-10,177.58056640625,0.0124338483720694
2016-05-11,175.91937255859375,-0.009354592573243337
2016-05-12,175.9704132080078,0.0002901366044667508
2016-05-13,174.43707275390625,-0.00871362649065932
2016-05-16,176.15786743164062,0.009864844958514363
2016-05-17,174.5137481689453,-0.00933321506820195
2016-05-18,174.56488037109375,0.00029299813157956933
2016-05-19,173.9599609375,-0.003465298588741339
2016-05-20,175.0589141845703,0.006317276924804327
2016-05-23,174.8203887939453,-0.00136254352848042
2016-05-24,177.08645629882812,0.012962260984064944
2016-05-25,178.2876739501953,0.006783227111056833
2016-05-26,178.33877563476562,0.00028662488795827556
2016-05-27,179.10549926757812,0.004299253654083346
2016-05-31,178.76473999023438,-0.001902561779159373
2016-06-01,179.13107299804688,0.0020492464444190617
2016-06-02,179.67630004882812,0.0030437324002809962
2016-06-03,179.13958740234375,-0.002987108741322686
2016-06-06,180.05116271972656,0.005088631332701654
2016-06-07,180.33224487304688,0.001561123788785812
2016-06-08,180.92005920410156,0.0032596185527913324
2016-06-09,180.67303466796875,-0.001365379478757145
2016-06-10,178.96067810058594,-0.009477654319194229
2016-06-13,177.58056640625,-0.007711815293638069
2016-06-14,177.23130798339844,-0.0019667603832986824
2016-06-15,176.98419189453125,-0.0013943139712671027
2016-06-16,177.51243591308594,0.002984696050534641
2016-06-17,176.8513641357422,-0.00372408712630945
2016-06-20,177.99026489257812,0.006439875442305176
2016-06-21,178.49549865722656,0.002838547180955997
2016-06-22,178.204345703125,-0.0016311501202653789
2016-06-23,180.52503967285156,0.013022656437305269
2016-06-24,174.0426025390625,-0.03590879772432998
2016-06-27,170.92550659179688,-0.01790995941103568
2016-06-28,174.00830078125,0.018035893243337986
2016-06-29,176.9712677001953,0.017027733192281014
2016-06-30,179.38609313964844,0.013645296611334956
2016-07-01,179.7628936767578,0.0021005002701968145
2016-07-05,178.46983337402344,-0.0071931435697708546
2016-07-06,179.54025268554688,0.005997760469020674
2016-07-07,179.42892456054688,-0.0006200733447501161
2016-07-08,182.10069274902344,0.01489039849634155
2016-07-11,182.74293518066406,0.003526853313654321
2016-07-12,184.07028198242188,0.007263464387532004
2016-07-13,184.04461669921875,-0.00013943197634469495
2016-07-14,185.0722198486328,0.005583445839622003
2016-07-15,184.82386779785156,-0.001341919662412705
2016-07-18,185.3206024169922,0.002687610778083771
2016-07-19,185.1321563720703,-0.0010168650569020166
2016-07-20,185.90281677246094,0.0041627581911907185
2016-07-21,185.20068359375,-0.0037768829483112443
2016-07-22,186.03131103515625,0.004485012826563217
2016-07-25,185.52601623535156,-0.0027161814696301523
2016-07-26,185.6116943359375,0.0004618117842687397
2016-07-27,185.41477966308594,-0.0010608958317850359
2016-07-28,185.62881469726562,0.0011543579997701503
2016-07-29,185.92852783203125,0.0016145830336438127
2016-08-01,185.77438354492188,-0.0008290512967898955
2016-08-02,184.58407592773438,-0.0064072752899200225
2016-08-03,185.1235809326172,0.002922814452824385
2016-08-04,185.3206024169922,0.0010642700588572307
2016-08-05,186.83627319335938,0.008178641535800502
2016-08-08,186.7249298095703,-0.000595940937410111
2016-08-09,186.83627319335938,0.000596296294782972
2016-08-10,186.37384033203125,-0.002475070035514726
2016-08-11,187.2387237548828,0.0046405837928260585
2016-08-12,187.07603454589844,-0.0008688865514665522
2016-08-15,187.61553955078125,0.0028838809107343266
2016-08-16,186.64785766601562,-0.0051577917643848
2016-08-17,186.9989776611328,0.0018811895272083934
2016-08-18,187.4186248779297,0.0022441150323149195
2016-08-19,187.14454650878906,-0.0014623859785500848
2016-08-22,187.13595581054688,-4.590408004101487e-05
2016-08-23,187.5127716064453,0.002013593776066802
2016-08-24,186.5536651611328,-0.005114885973343086
2016-08-25,186.42520141601562,-0.0006886154984209192
2016-08-26,186.0741424560547,-0.0018831089214034202
2016-08-29,186.9904327392578,0.004924328932051969
2016-08-30,186.68215942382812,-0.0016486047489903122
2016-08-31,186.1511993408203,-0.0028441929568768787
2016-09-01,186.15972900390625,4.582115568485534e-05
2016-09-02,186.9989776611328,0.004508218086248572
2016-09-06,187.5641326904297,0.0030222359307279234
2016-09-07,187.5470428466797,-9.111466837963267e-05
2016-09-08,187.1188507080078,-0.0022831185827969502
2016-09-09,182.6402130126953,-0.023934722121082608
2016-09-12,185.2606201171875,0.014347372143669324
2016-09-13,182.5973663330078,-0.014375714506920212
2016-09-14,182.5289306640625,-0.0003747900110481206
2016-09-15,184.35287475585938,0.009992630128063285
2016-09-16,183.6402587890625,-0.0038654996171911815
2016-09-19,183.67466735839844,0.00018736942303854143
2016-09-20,183.6832733154297,4.6854349350589075e-05
2016-09-21,185.74888610839844,0.011245513843939348
2016-09-22,186.91932678222656,0.0063011988838796995
2016-09-23,185.8951873779297,-0.005479045007957151
2016-09-26,184.38902282714844,-0.008102224549359494
2016-09-27,185.53369140625,0.00620789980634906
2016-09-28,186.45458984375,0.004963510565224372
2016-09-29,184.76768493652344,-0.009047269410960568
2016-09-30,186.16197204589844,0.007546163225750302
2016-10-03,185.71446228027344,-0.0024038731471681674
2016-10-04,184.76768493652344,-0.005098027004063699
2016-10-05,185.58531188964844,0.004425162080728073
2016-10-06,185.71446228027344,0.0006959084709343699
2016-10-07,185.0775146484375,-0.0034297147568113084
2016-10-10,186.04148864746094,0.005208487918451521
2016-10-11,183.69186401367188,-0.01262957338640458
2016-10-12,183.932861328125,0.0013119650984390052
2016-10-13,183.33042907714844,-0.0032752834193225944
2016-10-14,183.42506408691406,0.000516199139673601
2016-10-17,182.78817749023438,-0.003472189582433005
2016-10-18,183.932861328125,0.006262351611617589
2016-10-19,184.4234619140625,0.0026672807805794285
2016-10-20,184.0791778564453,-0.0018668126823127018
2016-10-21,184.16525268554688,0.0004675967706064821
2016-10-24,184.94842529296875,0.0042525535952164795
2016-10-25,184.32875061035156,-0.0033505269462856813
2016-10-26,183.95867919921875,-0.0020076705880521795
2016-10-27,183.4680633544922,-0.0026669893851284376
2016-10-28,182.9259033203125,-0.002955064899399673
2016-10-31,182.9344482421875,4.671247603482698e-05
2016-11-01,181.60903930664062,-0.007245267079452167
2016-11-02,180.51600646972656,-0.006018603705449488
2016-11-03,179.68980407714844,-0.004576892701848467
2016-11-04,179.49183654785156,-0.0011017182099651857
2016-11-07,183.45089721679688,0.022057051424117846
2016-11-08,184.27719116210938,0.004504169550809012
2016-11-09,186.23081970214844,0.010601575418633491
2016-11-10,186.69561767578125,0.0024958166128259407
2016-11-11,186.2652587890625,-0.0023051365215551733
2016-11-14,186.4116668701172,0.0007860192609534522
2016-11-15,187.8660888671875,0.007802204773393662
2016-11-16,187.5132293701172,-0.0018782500833334215
2016-11-17,188.47714233398438,0.005140506443759296
2016-11-18,188.0554656982422,-0.0022372826249401623
2016-11-21,189.47555541992188,0.0075514408284116374
2016-11-22,189.84568786621094,0.0019534575078499206
2016-11-23,189.9489288330078,0.0005438151793557555
2016-11-25,190.6546630859375,0.0037153894852974823
2016-11-28,189.7595977783203,-0.004694694024943602
2016-11-29,190.12969970703125,0.0019503726454104253
2016-11-30,189.6735076904297,-0.002399372729797067
2016-12-01,188.97634887695312,-0.0036755729461934727
2016-12-02,189.07102966308594,0.0005010192370393796
2016-12-05,190.20712280273438,0.006008816589579524
2016-12-06,190.80958557128906,0.0031674038262989868
2016-12-07,193.3054962158203,0.013080635530224649
2016-12-08,193.7788543701172,0.0024487568308373397
2016-12-09,194.9493865966797,0.0060405570585466695
2016-12-12,194.72561645507812,-0.0011478371156125045
2016-12-13,196.02517700195312,0.006673803737449191
2016-12-14,194.4071807861328,-0.008254022470818634
2016-12-15,195.2075653076172,0.004117052252122777
2016-12-16,194.82579040527344,-0.0019557382509337584
2016-12-19,195.25,0.0021773790515318137
2016-12-20,196.00315856933594,0.003857406244998307
2016-12-21,195.457763671875,-0.0027825821861334754
2016-12-22,195.12014770507812,-0.0017273090638837418
2016-12-23,195.4058380126953,0.0014641763599370083
2016-12-27,195.89065551757812,0.002481079940156672
2016-12-28,194.271728515625,-0.008264442209740097
2016-12-29,194.2284698486328,-0.00022267093273276028
2016-12-30,193.5185546875,-0.0036550520203658676
2017-01-03,194.99891662597656,0.007649715764294962
2017-01-04,196.15899658203125,0.0059491610319035715
2017-01-05,196.00315856933594,-0.0007944474401414547
2017-01-06,196.7045135498047,0.003578284072502047
2017-01-09,196.05516052246094,-0.0033011597732318654
2017-01-10,196.05516052246094,0.0
2017-01-11,196.60923767089844,0.002826128865779154
2017-01-12,196.11575317382812,-0.0025099761482029193
2017-01-13,196.56590270996094,0.0022953257392526183
2017-01-17,195.87335205078125,-0.0035232491985223158
2017-01-18,196.30621337890625,0.0022099041221941285
2017-01-19,195.5790557861328,-0.0037042005969005753
2017-01-20,196.2975311279297,0.0036735801740577223
2017-01-23,195.78675842285156,-0.0026020332611582653
2017-01-24,197.04208374023438,0.006411696722980809
2017-01-25,198.74761962890625,0.008655693526466779
2017-01-26,198.53981018066406,-0.0010455946523042492
2017-01-27,198.2281494140625,-0.0015697646044788849
2017-01-30,196.99884033203125,-0.006201485942662233
2017-01-31,196.98150634765625,-8.799028636807815e-05
2017-02-01,197.05938720703125,0.0003953714275977127
2017-02-02,197.18927001953125,0.0006591049243624969
2017-02-03,198.54849243164062,0.00689298363939761
2017-02-06,198.1935272216797,-0.0017878010838241476
2017-02-07,198.2021484375,4.34989776969541e-05
2017-02-08,198.4619598388672,0.001310840489951115
2017-02-09,199.6392822265625,0.005932231993734272
2017-02-10,200.42715454101562,0.00394647939857351
2017-02-13,201.51797485351562,0.005442477667250367
2017-02-14,202.32310485839844,0.0039953260023979364
2017-02-15,203.37930297851562,0.005220353458179616
2017-02-16,203.2061767578125,-0.0008512479793552075
2017-02-17,203.5264892578125,0.0015762931280467463
2017-02-21,204.738525390625,0.005955176337155699
2017-02-22,204.55673217773438,-0.0008879287009798675
2017-02-23,204.69520568847656,0.0006769442846881191
2017-02-24,204.95492553710938,0.0012688125633391056
2017-02-27,205.2752685546875,0.0015629925298874525
2017-02-28,204.72120666503906,-0.0026991166230082575
2017-03-01,207.5867919921875,0.013997501156961523
2017-03-02,206.27957153320312,-0.006297223664565199
2017-03-03,206.40939331054688,0.0006293486862456454
2017-03-06,205.7947235107422,-0.0029779158300218267
2017-03-07,205.18003845214844,-0.0029868844453714294
2017-03-08,204.7991485595703,-0.001856369145124992
2017-03-09,205.05885314941406,0.0012680940896012682
2017-03-10,205.77740478515625,0.0035041239366466748
2017-03-13,205.88125610351562,0.0005046779478428132
2017-03-14,205.093505859375,-0.003826235855800997
2017-03-15,206.8682098388672,0.008653145656932981
2017-03-16,206.46128845214844,-0.0019670561611941917
2017-03-17,206.09877014160156,-0.0017558657764111807
2017-03-20,205.87265014648438,-0.001097143835268044
2017-03-21,203.22933959960938,-0.012839542042103247
2017-03-22,203.70758056640625,0.002353208290392983
2017-03-23,203.49020385742188,-0.0010671017169805452
2017-03-24,203.3424072265625,-0.0007263083335595777
2017-03-27,203.1337127685547,-0.001026320386653512
2017-03-28,204.6118621826172,0.007276731143818882
2017-03-29,204.8031463623047,0.000934863588293755
2017-03-30,205.45529174804688,0.003184254721304569
2017-03-31,204.97711181640625,-0.0023274159919279835
2017-04-03,204.62059020996094,-0.0017393239824973206
2017-04-04,204.7509765625,0.0006372103237766158
2017-04-05,204.1423797607422,-0.0029723755753224834
2017-04-06,204.71621704101562,0.0028109659588859692
2017-04-07,204.5075225830078,-0.0010194329546739933
2017-04-10,204.62930297851562,0.0005954812515924779
2017-04-11,204.38577270507812,-0.0011901045934905596
2017-04-12,203.49020385742188,-0.00438175728086776
2017-04-13,202.1685791015625,-0.006494783192538267
2017-04-17,203.9597930908203,0.008860001871794143
2017-04-18,203.35107421875,-0.002984504263540133
2017-04-19,202.97723388671875,-0.0018383986092401772
2017-04-20,204.62930297851562,0.008139184184167592
2017-04-21,203.97715759277344,-0.0031869599136085114
2017-04-24,206.22048950195312,0.010997956514612994
2017-04-25,207.42037963867188,0.0058184816630812985
2017-04-26,207.28994750976562,-0.0006288298629741895
2017-04-27,207.4638671875,0.0008390164589442417
2017-04-28,207.01173400878906,-0.00217933457445052
2017-05-01,207.53343200683594,0.0025201373272141225
2017-05-02,207.61172485351562,0.0003772541412851993
2017-05-03,207.35948181152344,-0.001214974935400015
2017-05-04,207.60299682617188,0.0011743616087436237
2017-05-05,208.4203338623047,0.00393701944879532
2017-05-08,208.3855438232422,-0.0001669224802484104
2017-05-09,208.1942596435547,-0.0009179340187328577
2017-05-10,208.56813049316406,0.0017957788569649136
2017-05-11,208.1420440673828,-0.0020429124275782584
2017-05-12,207.79429626464844,-0.0016707234921830016
2017-05-15,208.94203186035156,0.005523422039656722
2017-05-16,208.750732421875,-0.0009155622579779532
2017-05-17,205.04664611816406,-0.017744063748840744
2017-05-18,205.87265014648438,0.004028371319198865
2017-05-19,207.21168518066406,0.006504190980331392
2017-05-22,208.26377868652344,0.005077385017848268
2017-05-23,208.724609375,0.002212726050506264
2017-05-24,209.21157836914062,0.002333069375953345
2017-05-25,210.2115020751953,0.004779485503858538
2017-05-26,210.16806030273438,-0.00020665744753300963
2017-05-30,209.98544311523438,-0.0008689102770276236
2017-05-31,209.93325805664062,-0.00024851750587828736
2017-06-01,211.60269165039062,0.007952211141788679
2017-06-02,212.30702209472656,0.003328551441583949
2017-06-05,212.1505126953125,-0.0007371842809054119
2017-06-06,211.4722442626953,-0.0031971095615088707
2017-06-07,211.8636016845703,0.0018506325652307698
2017-06-08,211.96788024902344,0.00049219669459033
2017-06-09,211.64620971679688,-0.001517543751669681
2017-06-12,211.60269165039062,-0.00020561703639521145
2017-06-13,212.63743591308594,0.004890033555928985
2017-06-14,212.3678741455078,-0.001267706066998997
2017-06-15,211.95921325683594,-0.001924306537964715
2017-06-16,212.0054931640625,0.00021834345634452745
2017-06-19,213.7704315185547,0.008324965207983315
2017-06-20,212.3287811279297,-0.0067439186064414125
2017-06-21,212.27639770507812,-0.00024670900748025026
2017-06-22,212.1802520751953,-0.00045292661323748096
2017-06-23,212.43365478515625,0.0011942803700277782
2017-06-26,212.57342529296875,0.0006579489862557075
2017-06-27,210.86090087890625,-0.008056154769592205
2017-06-28,212.74818420410156,0.00895037115619246
2017-06-29,210.87841796875,-0.008788635458142346
2017-06-30,211.2715606689453,0.0018643097951045462
2017-07-03,211.62979125976562,0.0016955930542001951
2017-07-05,212.119140625,0.00231228959931129
2017-07-06,210.17935180664062,-0.009144808019888595
2017-07-07,211.54241943359375,0.006485259447403413
2017-07-10,211.76959228515625,0.0010738879330716156
2017-07-11,211.61231994628906,-0.0007426577969485981
2017-07-12,213.2025604248047,0.007514876633455181
2017-07-13,213.56080627441406,0.0016803074451618993
2017-07-14,214.55685424804688,0.004664001747366253
2017-07-17,214.5306396484375,-0.0001221802011464046
2017-07-18,214.64425659179688,0.000529607069393645
2017-07-19,215.80630493164062,0.0054138338397458075
2017-07-20,215.90240478515625,0.0004453060513966989
2017-07-21,215.71017456054688,-0.0008903570333117505
2017-07-24,215.65777587890625,-0.00024291242518981182
2017-07-25,216.1820068359375,0.0024308465340272534
2017-07-26,216.1907501220703,4.044409736403409e-05
2017-07-27,215.98977661132812,-0.0009296119775185074
2017-07-28,215.7364044189453,-0.0011730749314063926
2017-07-31,215.6140899658203,-0.0005669625089674835
2017-08-01,216.0946502685547,0.00222879823304023
2017-08-02,216.199462890625,0.00048503108216735313
2017-08-03,215.7801513671875,-0.0019394660737415137
2017-08-04,216.1732635498047,0.0018218180871893974
2017-08-07,216.5751953125,0.0018593037644671906
2017-08-08,216.04217529296875,-0.0024611314271800744
2017-08-09,216.03343200683594,-4.0470274477399926e-05
2017-08-10,212.9840850830078,-0.014115162155696526
2017-08-11,213.29864501953125,0.0014769175659337108
2017-08-14,215.41310119628906,0.009913125217294372
2017-08-15,215.38687133789062,-0.00012176538127328662
2017-08-16,215.76258850097656,0.0017443828435417252
2017-08-17,212.39871215820312,-0.015590637682575847
2017-08-18,212.06668090820312,-0.0015632451187024277
2017-08-21,212.23268127441406,0.0007827743872823589
2017-08-22,214.4519805908203,0.010456915980516346
2017-08-23,213.68307495117188,-0.003585444338308652
2017-08-24,213.18508911132812,-0.002330487990017671
2017-08-25,213.68307495117188,0.0023359318511422256
2017-08-28,213.69183349609375,4.098848223654805e-05
2017-08-29,213.93653869628906,0.0011451312677317471
2017-08-30,214.9500274658203,0.004737333677114597
2017-08-31,216.24319458007812,0.006016129095230971
2017-09-01,216.5489959716797,0.0014141549850639201
2017-09-05,214.99365234375,-0.0071824097865275105
2017-09-06,215.7276611328125,0.0034140951654186846
2017-09-07,215.7014617919922,-0.00012144636752997595
2017-09-08,215.44805908203125,-0.001174784388829564
2017-09-11,217.74600219726562,0.010665879864619532
2017-09-12,218.4799346923828,0.0033705899888452073
2017-09-13,218.58482360839844,0.00048008489275375155
2017-09-14,218.51492309570312,-0.0003197866692727924
2017-09-15,218.80906677246094,0.0013461033809072376
2017-09-18,219.27444458007812,0.0021268671105898473
2017-09-19,219.49398803710938,0.0010012268299284255
2017-09-20,219.5730438232422,0.00036017289967626986
2017-09-21,218.98463439941406,-0.0026797889831221555
2017-09-22,219.0286102294922,0.00020081696690144035
2017-09-25,218.58078002929688,-0.0020446196491229474
2017-09-26,218.71250915527344,0.0006026564913845789
2017-09-27,219.56422424316406,0.0038942221054487636
2017-09-28,219.82765197753906,0.0011997753062140681
2017-09-29,220.6004180908203,0.003515327149835601
2017-10-02,221.5574951171875,0.0043385095760479775
2017-10-03,222.03160095214844,0.0021398772120535536
2017-10-04,222.29502868652344,0.0011864425300063264
2017-10-05,223.61219787597656,0.005925320045328419
2017-10-06,223.35752868652344,-0.0011388877345339665
2017-10-09,222.98876953125,-0.0016509815336960276
2017-10-10,223.57705688476562,0.002638192742855594
2017-10-11,223.9282989501953,0.0015710112223668027
2017-10-12,223.5946044921875,-0.0014901844008650134
2017-10-13,223.8668670654297,0.0012176616419725672
2017-10-16,224.1653594970703,0.0013333479650357027
2017-10-17,224.3234405517578,0.0007051984081847262
2017-10-18,224.5429229736328,0.0009784194702753268
2017-10-19,224.60443115234375,0.00027392615138510656
2017-10-20,225.76344299316406,0.0051602358638871415
2017-10-23,224.8853759765625,-0.0038893232888379536
2017-10-24,225.280517578125,0.0017570800228632333
2017-10-25,224.1653594970703,-0.004950086643280005
2017-10-26,224.45509338378906,0.0012925007118351761
2017-10-27,226.29029846191406,0.008176268359332939
2017-10-30,225.4473419189453,-0.003725111278292892
2017-10-31,225.798583984375,0.0015579782952419574
2017-11-01,226.09713745117188,0.00132221142191713
2017-11-02,226.1849365234375,0.0003883245637490429
2017-11-03,226.9401397705078,0.003338875075759251
2017-11-06,227.2913360595703,0.0015475283015937702
2017-11-07,227.13328552246094,-0.0006953654276903309
2017-11-08,227.51959228515625,0.0017007932668553494
2017-11-09,226.69422912597656,-0.003627657516831473
2017-11-10,226.62399291992188,-0.0003098279401531068
2017-11-13,226.8347930908203,0.000930175874947814
2017-11-14,226.30789184570312,-0.0023228413857402375
2017-11-15,225.17515563964844,-0.005005288135629837
2017-11-16,227.0894012451172,0.008501140367954907
2017-11-17,226.4219970703125,-0.0029389490268826313
2017-11-20,226.80838012695312,0.0017064731414795364
2017-11-21,228.29237365722656,0.006542939592632191
2017-11-22,228.09042358398438,-0.0008846115619499662
2017-11-24,228.61724853515625,0.0023097197282282433
2017-11-27,228.5030975341797,-0.0004993105363133576
2017-11-28,230.8211669921875,0.010144586585576043
2017-11-29,230.68069458007812,-0.0006085768213541787
2017-11-30,232.70037841796875,0.008755322336648774
2017-12-01,232.2174072265625,-0.0020755066867091942
2017-12-04,231.93638610839844,-0.0012101638784119961
2017-12-05,231.10220336914062,-0.003596601435653768
2017-12-06,231.14610290527344,0.00018995723750281357
2017-12-07,231.87498474121094,0.0031533381994166554
2017-12-08,233.13941955566406,0.005453088507431314
2017-12-11,233.84176635742188,0.003012561338174402
2017-12-12,234.25454711914062,0.001765214008381255
2017-12-13,234.2281494140625,-0.00011268812239828563
2017-12-14,233.27108764648438,-0.00408602369088551
2017-12-15,235.213623046875,0.008327373186232556
2017-12-18,236.70516967773438,0.006341242533227431
2017-12-19,235.7960968017578,-0.0038405281862421425
2017-12-20,235.67250061035156,-0.0005241655527070677
2017-12-21,236.15792846679688,0.0020597560393686987
2017-12-22,236.09616088867188,-0.00026155199838517884
2017-12-26,235.81378173828125,-0.0011960344858118477
2017-12-27,235.9285125732422,0.00048653150852850935
2017-12-28,236.41392517089844,0.0020574562708082222
2017-12-29,235.5225372314453,-0.003770454463749351
2018-01-02,237.20816040039062,0.007156950620351266
2018-01-03,238.7085723876953,0.006325296670958158
2018-01-04,239.7147216796875,0.0042149692486035395
2018-01-05,241.31214904785156,0.0066638684389963565
2018-01-08,241.75347900390625,0.0018288758265840865
2018-01-09,242.30064392089844,0.0022633176541932976
2018-01-10,241.9299774169922,-0.0015297792771332697
2018-01-11,243.69512939453125,0.007296127567096189
2018-01-12,245.2836456298828,0.006518457054510263
2018-01-16,244.44529724121094,-0.0034178731587221067
2018-01-17,246.77528381347656,0.009531729996697269
2018-01-18,246.36053466796875,-0.0016806753865241664
2018-01-19,247.4813232421875,0.0045493835923406944
2018-01-22,249.49368286132812,0.008131359541710959
2018-01-23,250.0231475830078,0.0021221568242029143
2018-01-24,249.92608642578125,-0.0003882086845352628
2018-01-25,250.03192138671875,0.0004234650430094966
2018-01-26,252.92681884765625,0.011578111486253206
2018-01-29,251.24993896484375,-0.00662990144917186
2018-01-30,248.6728515625,-0.010257066779643442
2018-01-31,248.79637145996094,0.0004967164557161396
2018-02-01,248.513916015625,-0.0011352876357418884
2018-02-02,243.10377502441406,-0.02176997199171249
2018-02-05,232.93658447265625,-0.0418224297452261
2018-02-06,237.52598571777344,0.019702363437272385
2018-02-07,236.23736572265625,-0.005425174812865752
2018-02-08,227.37637329101562,-0.037508852185743846
2018-02-09,230.79190063476562,0.015021469884113792
2018-02-12,234.1810302734375,0.014684785858387839
2018-02-13,234.76345825195312,0.002487084363048453
2018-02-14,237.9319305419922,0.013496445799663581
2018-02-15,240.9679412841797,0.01275999709358766
2018-02-16,241.03858947753906,0.00029318503109942995
2018-02-20,239.52943420410156,-0.006261052542286483
2018-02-21,238.33787536621094,-0.004974582108666081
2018-02-22,238.6467742919922,0.001296054709334804
2018-02-23,242.45062255859375,0.015939240234386753
2018-02-26,245.2660369873047,0.011612320888268801
2018-02-27,242.20359802246094,-0.01248619255426009
2018-02-28,239.75006103515625,-0.010130060029401977
2018-03-01,236.2638702392578,-0.01454093809547452
2018-03-02,237.48182678222656,0.005155068956312903
2018-03-05,240.2265625,0.01155766634846711
2018-03-06,240.8355712890625,0.0025351434192981692
2018-03-07,240.747314453125,-0.0003664609653180051
2018-03-08,241.912353515625,0.004839260887069319
2018-03-09,246.12216186523438,0.017402204924344522
2018-03-12,245.8131866455078,-0.0012553734185698495
2018-03-13,244.22471618652344,-0.006462104334846508
2018-03-14,242.97146606445312,-0.005131545003467908
2018-03-15,242.7065887451172,-0.0010901581310196473
2018-03-16,242.96981811523438,0.0010845579902802882
2018-03-19,239.68226623535156,-0.013530700666383177
2018-03-20,240.08993530273438,0.001700872883864113
2018-03-21,239.62913513183594,-0.0019192814988991946
2018-03-22,233.63917541503906,-0.024996792286970493
2018-03-23,228.65919494628906,-0.021314834979636932
2018-03-26,234.91510009765625,0.027359079755514104
2018-03-27,230.91876220703125,-0.0170118391238524
2018-03-28,230.2364959716797,-0.0029545725467724493
2018-03-29,233.17837524414062,0.012777640921110889
2018-04-02,228.14524841308594,-0.021584878210875846
2018-04-03,231.06942749023438,0.012817181587116977
2018-04-04,233.54168701171875,0.010699206504023007
2018-04-05,235.384765625,0.007891861349741625
2018-04-06,230.1390380859375,-0.022285756366321796
2018-04-09,231.27330017089844,0.00492859488070585
2018-04-10,234.9506072998047,0.015900266594496282
2018-04-11,233.7188720703125,-0.005242528392022661
2018-04-12,235.64170837402344,0.008227133250636509
2018-04-13,234.9506072998047,-0.002932846986161697
2018-04-16,236.88226318359375,0.008221540288781748
2018-04-17,239.41651916503906,0.010698377951080085
2018-04-18,239.5937957763672,0.0007404527137324646
2018-04-19,238.26466369628906,-0.005547439472592619
2018-04-20,236.2443084716797,-0.008479458066785295
2018-04-23,236.20883178710938,-0.00015016947836676842
2018-04-24,233.0277099609375,-0.013467412721633432
2018-04-25,233.60365295410156,0.002471564404338933
2018-04-26,235.97840881347656,0.010165747963888139
2018-04-27,236.2000274658203,0.0009391480070488623
2018-04-30,234.38343811035156,-0.007690893921388775
2018-05-01,234.79991149902344,0.0017768891523632924
2018-05-02,233.22264099121094,-0.006717508953656748
2018-05-03,232.70877075195312,-0.002203346283507601
2018-05-04,235.7214813232422,0.01294626997321191
2018-05-07,236.51898193359375,0.0033832326433498316
2018-05-08,236.51898193359375,0.0
2018-05-09,238.8050994873047,0.009665683215027476
2018-05-10,241.03810119628906,0.009350728748165116
2018-05-11,241.77354431152344,0.0030511488083597715
2018-05-14,241.88877868652344,0.00047662110975843497
2018-05-15,240.2228546142578,-0.0068871490497067755
2018-05-16,241.23300170898438,0.004205041590853664
2018-05-17,241.02926635742188,-0.0008445583735192663
2018-05-18,240.4266815185547,-0.0025000484296940906
2018-05-21,242.234375,0.0075186891489238405
2018-05-22,241.5609130859375,-0.002780207862994266
2018-05-23,242.22544860839844,0.002751006004951373
2018-05-24,241.72921752929688,-0.00204863313063286
2018-05-25,241.1533203125,-0.0023824063250735827
2018-05-29,238.3797149658203,-0.011501418861185497
2018-05-30,241.5609130859375,0.013345087355999707
2018-05-31,240.08114624023438,-0.006125853834542672
2018-06-01,242.4381103515625,0.009817364454639987
2018-06-04,243.59007263183594,0.004751572591466635
2018-06-05,243.7672882080078,0.0007275155931323329
2018-06-06,245.80532836914062,0.00836059742106876
2018-06-07,245.7787322998047,-0.00010819972663889121
2018-06-08,246.50547790527344,0.0029569100575481677
2018-06-11,246.83316040039062,0.0013293112100458693
2018-06-12,247.1522979736328,0.0012929282788605168
2018-06-13,246.36358642578125,-0.003191196498345761
2018-06-14,246.9838104248047,0.0025175148974796446
2018-06-15,246.6688232421875,-0.0012753353431361747
2018-06-18,246.16148376464844,-0.0020567636836736902
2018-06-19,245.21795654296875,-0.0038329604097682157
2018-06-20,245.63619995117188,0.0017055986196909956
2018-06-21,244.09637451171875,-0.00626872358292152
2018-06-22,244.54150390625,0.0018235805239699143
2018-06-25,241.2125701904297,-0.013612960019647735
2018-06-26,241.7466278076172,0.0022140538395900577
2018-06-27,239.7439727783203,-0.008284107403932817
2018-06-28,241.11463928222656,0.005717209438143689
2018-06-29,241.4617919921875,0.0014397827979022448
2018-07-02,241.97808837890625,0.002138211525968714
2018-07-03,241.1235809326172,-0.0035313422467864175
2018-07-05,243.0906219482422,0.008157812720003932
2018-07-06,245.1466827392578,0.008458001277619864
2018-07-09,247.3540496826172,0.009004270091254485
2018-07-10,248.2442626953125,0.003598942543441508
2018-07-11,246.42845153808594,-0.00731461479718154
2018-07-12,248.66249084472656,0.009065671162143962
2018-07-13,248.8583984375,0.0007878453726894996
2018-07-16,248.63589477539062,-0.0008940974606700403
2018-07-17,249.64163208007812,0.004045020553432366
2018-07-18,250.1668701171875,0.0021039681271628474
2018-07-19,249.22335815429688,-0.0037715304286640716
2018-07-20,248.9384765625,-0.0011430774141985012
2018-07-23,249.40135192871094,0.001859396637284183
2018-07-24,250.6562957763672,0.00503182455889406
2018-07-25,252.79251098632812,0.00852248774898845
2018-07-26,252.19615173339844,-0.002359085918340109
2018-07-27,250.4872589111328,-0.006776046385006396
2018-07-30,249.17877197265625,-0.005223766446902478
2018-07-31,250.40716552734375,0.004929768073591356
2018-08-01,249.9888153076172,-0.0016706799058466837
2018-08-02,251.35067749023438,0.005447692453525832
2018-08-03,252.4276580810547,0.004284772977634521
2018-08-06,253.35330200195312,0.0036669671142026683
2018-08-07,254.19009399414062,0.0033028659408633754
2018-08-08,254.08322143554688,-0.0004204434441738014
2018-08-09,253.7359619140625,-0.0013667156749760379
2018-08-10,252.03598022460938,-0.006699805879423981
2018-08-13,251.09242248535156,-0.00374374221655549
2018-08-14,252.694580078125,0.006380748478648002
2018-08-15,250.80764770507812,-0.007467245132299571
2018-08-16,252.83706665039062,0.008091535341453682
2018-08-17,253.7270965576172,0.003520171781051573
2018-08-20,254.27000427246094,0.0021397309243258444
2018-08-21,254.86634826660156,0.0023453179066359464
2018-08-22,254.7151641845703,-0.0005931896582639373
2018-08-23,254.37692260742188,-0.0013279208492799066
2018-08-24,255.9079132080078,0.006018590778176458
2018-08-27,257.9283752441406,0.007895269867995491
2018-08-28,258.0530700683594,0.0004834474846000525
2018-08-29,259.44146728515625,0.005380277849161397
2018-08-30,258.39117431640625,-0.0040482848780515335
2018-08-31,258.400146484375,3.472319823805137e-05
2018-09-04,257.9550476074219,-0.0017225178971794763
2018-09-05,257.2607727050781,-0.002691456937103043
2018-09-06,256.4864196777344,-0.00300999262033419
2018-09-07,255.9879608154297,-0.0019434122981286661
2018-09-10,256.4329833984375,0.0017384512208709069
2018-09-11,257.2785949707031,0.0032975928488565565
2018-09-12,257.34088134765625,0.0002420970036789427
2018-09-13,258.8629150390625,0.005914465216080744
2018-09-14,258.9073791503906,0.0001717670193175369
2018-09-17,257.5367126464844,-0.005294041863171728
2018-09-18,258.9340515136719,0.005425785134974603
2018-09-19,259.2100524902344,0.0010659122465703774
2018-09-20,261.3106994628906,0.00810403359158074
2018-09-21,261.07183837890625,-0.0009140884184051234
2018-09-24,260.2046203613281,-0.0033217601061953372
2018-09-25,259.9632568359375,-0.0009275912359106853
2018-09-26,259.185302734375,-0.0029925540671829065
2018-09-27,259.9095764160156,0.002794424197667178
2018-09-28,259.9363708496094,0.00010309136724862
2018-10-01,260.8394470214844,0.003474220129038752
2018-10-02,260.68743896484375,-0.0005827648324530088
2018-10-03,260.83050537109375,0.0005488043720791591
2018-10-04,258.7918701171875,-0.00781593874921116
2018-10-05,257.3433837890625,-0.0055971090879674
2018-10-08,257.3433837890625,0.0
2018-10-09,256.9679870605469,-0.0014587386043828365
2018-10-10,248.83145141601562,-0.03166361591420386
2018-10-11,243.3506317138672,-0.02202623370542167
2018-10-12,246.73031616210938,0.013888126874542328
2018-10-15,245.344482421875,-0.005616795543373132
2018-10-16,250.70912170410156,0.02186574252361595
2018-10-17,250.75376892089844,0.00017808373502092856
2018-10-18,247.13272094726562,-0.01444065223512192
2018-10-19,246.99856567382812,-0.000542847069879171
2018-10-22,245.88990783691406,-0.004488519331638963
2018-10-23,244.63815307617188,-0.0050907122287117135
2018-10-24,237.2259521484375,-0.0302986301790239
2018-10-25,241.4818878173828,0.01794043033825532
2018-10-26,237.23484802246094,-0.01758740513960877
2018-10-29,235.9204864501953,-0.005540339386147841
2018-10-30,239.4164581298828,0.014818431973797841
2018-10-31,241.97366333007812,0.010680991691924602
2018-11-01,244.54873657226562,0.010641956677222453
2018-11-02,243.10028076171875,-0.00592297400857289
2018-11-05,244.4414520263672,0.005516946588650873
2018-11-06,245.9882354736328,0.006327827929523133
2018-11-07,251.25454711914062,0.021408794755439775
2018-11-08,250.79852294921875,-0.001814988724186728
2018-11-09,248.3486328125,-0.009768359509895519
2018-11-12,243.7082977294922,-0.018684761943147943
2018-11-13,243.25230407714844,-0.0018710633022839263
2018-11-14,241.58920288085938,-0.006836939130334452
2018-11-15,244.1105499267578,0.010436505505346805
2018-11-16,244.7454071044922,0.0026006953731612104
2018-11-19,240.60572814941406,-0.01691422529253317
2018-11-20,236.15301513671875,-0.018506263533053624
2018-11-21,236.95774841308594,0.003407677331163095
2018-11-23,235.37510681152344,-0.0066790033757557765
2018-11-26,239.17510986328125,0.016144455984466788
2018-11-27,239.97979736328125,0.003364428265382635
2018-11-28,245.50535583496094,0.02302509849741674
2018-11-29,244.9689483642578,-0.0021849114813761172
2018-11-30,246.46202087402344,0.0060949459910546455
2018-12-03,249.7257080078125,0.013242150341115977
2018-12-04,241.63392639160156,-0.03240267764485738
2018-12-06,241.267333984375,-0.001517139636395437
2018-12-07,235.66123962402344,-0.023236027305356788
2018-12-10,236.10829162597656,0.0018970111617266916
2018-12-11,236.1619873046875,0.00022741970788553445
2018-12-12,237.35108947753906,0.005035112493855465
2018-12-13,237.27059936523438,-0.00033911836040800836
2018-12-14,232.8895263671875,-0.018464457921746225
2018-12-17,228.32057189941406,-0.019618548498268495
2018-12-18,228.07022094726562,-0.0010964888098595749
2018-12-19,224.6547088623047,-0.014975703845837351
2018-12-20,220.99778747558594,-0.01627796454941055
2018-12-21,216.4696502685547,-0.020489513758283562
2018-12-24,210.74989318847656,-0.026422905349466452
2018-12-26,221.39794921875,0.05052460938023229
2018-12-27,223.09779357910156,0.0076777782556245455
2018-12-28,222.80990600585938,-0.0012904097733270614
2018-12-31,224.76153564453125,0.008759169076713036
2019-01-02,224.99534606933594,0.0010402599543297697
2019-01-03,219.62631225585938,-0.02386286608711452
2019-01-04,226.9828338623047,0.033495629603228716
2019-01-07,228.7725372314453,0.007884752069957424
2019-01-08,230.92190551757812,0.009395219863992388
2019-01-09,232.00115966796875,0.004673675925077836
2019-01-10,232.81951904296875,0.0035273934672188645
2019-01-11,232.90945434570312,0.0003862876407616511
2019-01-14,231.48849487304688,-0.006100909371189123
2019-01-15,234.1416015625,0.01146107365252913
2019-01-16,234.70814514160156,0.002419662184425242
2019-01-17,236.48880004882812,0.007586677088484928
2019-01-18,239.63648986816406,0.013310101022484089
2019-01-22,236.3988494873047,-0.013510631801694983
2019-01-23,236.89349365234375,0.0020924135887794293
2019-01-24,237.0194549560547,0.0005317212464086563
2019-01-25,239.02493286132812,0.008461237520123621
2019-01-28,237.20828247070312,-0.007600254788812988
2019-01-29,236.89349365234375,-0.0013270566064582656
2019-01-30,240.64370727539062,0.01583080043789864
2019-01-31,242.7571563720703,0.008782482287230886
2019-02-01,242.87405395507812,0.00048154124374666374
2019-02-04,244.5828094482422,0.007035562116816774
2019-02-05,245.60804748535156,0.0041917828952173775
2019-02-06,245.2843017578125,-0.0013181397387167504
2019-02-07,242.94601440429688,-0.00953296781228341
2019-02-08,243.2427215576172,0.001221288416884958
2019-02-11,243.37770080566406,0.0005549158765472129
2019-02-12,246.5074462890625,0.012859623018205424
2019-02-13,247.3077850341797,0.0032467122481107946
2019-02-14,246.75926208496094,-0.002217976879065664
2019-02-15,249.4481658935547,0.010896870844377737
2019-02-19,249.87986755371094,0.0017306267160146493
2019-02-20,250.38352966308594,0.002015617001504655
2019-02-21,249.4932098388672,-0.003555824240583094
2019-02-22,251.0399932861328,0.006199701580113626
2019-02-25,251.38177490234375,0.0013614628160916187
2019-02-26,251.20193481445312,-0.0007154062300677166
2019-02-27,251.09402465820312,-0.0004295753387795198
2019-02-28,250.62631225585938,-0.0018626982580745022
2019-03-01,252.19119262695312,0.006243879012576281
2019-03-04,251.2738037109375,-0.0036376723011601886
2019-03-05,250.93215942382812,-0.0013596494424161776
2019-03-06,249.41213989257812,-0.006057491932242365
2019-03-07,247.3258056640625,-0.008365006729079916
2019-03-08,246.83116149902344,-0.001999969892793718
2019-03-11,250.41050720214844,0.014501190536022168
2019-03-12,251.3547821044922,0.0037709076703458244
2019-03-13,253.01856994628906,0.006619280635389746
2019-03-14,252.85667419433594,-0.0006398571930411601
2019-03-15,254.10592651367188,0.004940555052843187
2019-03-18,255.02728271484375,0.0036258745075836707
2019-03-19,255.09046936035156,0.00024776425814199143
2019-03-20,254.32266235351562,-0.0030099399979984787
2019-03-21,257.1952209472656,0.011294937569334973
2019-03-22,252.24517822265625,-0.019246246902948183
2019-03-25,252.05548095703125,-0.0007520352498375793
2019-03-26,253.93423461914062,0.007453730642856593
2019-03-27,252.60650634765625,-0.005228630450225591
2019-03-28,253.56399536132812,0.003790436863704949
2019-03-29,255.16270446777344,0.006304953130933155
2019-04-01,258.1888427734375,0.011859641917403518
2019-04-02,258.3153076171875,0.0004898152933006106
2019-04-03,258.7218322753906,0.0015737536499600413
2019-04-04,259.4082946777344,0.0026532836301695895
2019-04-05,260.66387939453125,0.004840187235942928
2019-04-08,260.86260986328125,0.0007624012548712589
2019-04-09,259.525634765625,-0.005125207856951808
2019-04-10,260.41094970703125,0.0034112812871289755
2019-04-11,260.33868408203125,-0.00027750609212595645
2019-04-12,262.1000671386719,0.006765736958575186
2019-04-15,261.928466796875,-0.0006547130783681743
2019-04-16,262.1000671386719,0.0006551420084093262
2019-04-17,261.4588317871094,-0.0024465287573667283
2019-04-18,261.9736633300781,0.001969073063815774
2019-04-22,262.19940185546875,0.0008616840430490935
2019-04-23,264.5570068359375,0.00899164896557747
2019-04-24,263.96990966796875,-0.0022191707374918934
2019-04-25,263.8073425292969,-0.0006158548104076011
2019-04-26,265.0357971191406,0.004656635323587732
2019-04-29,265.4513854980469,0.0015680462164868736
2019-04-30,265.58673095703125,0.0005098690998746047
2019-05-01,263.59051513671875,-0.007516248319783259
2019-05-02,263.021484375,-0.0021587679716912334
2019-05-03,265.5957946777344,0.009787452568186694
2019-05-06,264.5029602050781,-0.004114652771450178
2019-05-07,260.0858459472656,-0.016699677971043325
2019-05-08,259.72442626953125,-0.0013896168644550455
2019-05-09,258.9385070800781,-0.0030259733392866695
2019-05-10,260.2392883300781,0.005023514133406737
2019-05-13,253.69947814941406,-0.0251299879531226
2019-05-14,255.99386596679688,0.009043723046334273
2019-05-15,257.4932556152344,0.005857131157322337
2019-05-16,259.8779602050781,0.009261231266605163
2019-05-17,258.19793701171875,-0.006464662074589178
2019-05-20,256.4906921386719,-0.006612155359589034
2019-05-21,258.80303955078125,0.009015326805150492
2019-05-22,258.0081787109375,-0.0030712963851716735
2019-05-23,254.85565185546875,-0.012218709000696881
2019-05-24,255.43374633789062,0.0022683212171794587
2019-05-28,253.05809020996094,-0.009300478742488294
2019-05-29,251.3599090576172,-0.006710637667955099
2019-05-30,252.04641723632812,0.002731176110322142
2019-05-31,248.6500701904297,-0.013475085593912195
2019-06-03,248.0177459716797,-0.002543028514995882
2019-06-04,253.40139770507812,0.021706719865171253
2019-06-05,255.59632873535156,0.00866187420492448
2019-06-06,257.2584228515625,0.006502809036556645
2019-06-07,259.8328552246094,0.010007184000083491
2019-06-10,261.0252380371094,0.004589037870015522
2019-06-11,260.9618835449219,-0.00024271404812781228
2019-06-12,260.5013122558594,-0.001764898700170603
2019-06-13,261.576171875,0.004126119787392524
2019-06-14,261.28717041015625,-0.0011048462968632489
2019-06-17,261.3865051269531,0.0003801744901632542
2019-06-18,264.12353515625,0.010471198687045824
2019-06-19,264.71978759765625,0.002257475620464966
2019-06-20,267.24896240234375,0.009554158484486042
2019-06-21,266.8603515625,-0.0014541154298616243
2019-06-24,266.53369140625,-0.0012240865094322873
2019-06-25,263.91949462890625,-0.009808128809348893
2019-06-26,263.65625,-0.0009974429106739402
2019-06-27,264.5911560058594,0.00354592772164275
2019-06-28,265.95269775390625,0.005145832417833063
2019-07-01,268.36712646484375,0.009078414061329143
2019-07-02,269.06610107421875,0.0026045463115489387
2019-07-03,271.21734619140625,0.007995229085339561
2019-07-05,270.90869140625,-0.0011380348251709416
2019-07-08,269.42010498046875,-0.005494790211617806
2019-07-09,269.75592041015625,0.0012464378993239933
2019-07-10,271.0448303222656,0.004778059773997256
2019-07-11,271.6802062988281,0.0023441730130291383
2019-07-12,272.8965759277344,0.004477211076497456
2019-07-15,272.9872741699219,0.0003323539032293876
2019-07-16,272.1067810058594,-0.0032254000364663193
2019-07-17,270.255126953125,-0.006804880223453491
2019-07-18,271.2445373535156,0.003661023609599301
2019-07-19,269.73785400390625,-0.00555470485898002
2019-07-22,270.400390625,0.0024562241126311335
2019-07-23,272.33380126953125,0.007150176965581956
2019-07-24,273.6136474609375,0.004699549543391246
2019-07-25,272.3065185546875,-0.004777279636377085
2019-07-26,274.1309814453125,0.006700033845346898
2019-07-29,273.6317443847656,-0.0018211624892404688
2019-07-30,272.96002197265625,-0.0024548409528275528
2019-07-31,269.9737548828125,-0.010940309383998037
2019-08-01,267.6229553222656,-0.008707511445204319
2019-08-02,265.6077880859375,-0.007529874385780899
2019-08-05,257.6202087402344,-0.030072835601939296
2019-08-06,261.2326965332031,0.014022532667890664
2019-08-07,261.3870849609375,0.0005909996328301581
2019-08-08,266.5155029296875,0.0196200128614481
2019-08-09,264.7000732421875,-0.006811722648565555
2019-08-12,261.4779052734375,-0.012172901689384452
2019-08-13,265.5443115234375,0.015551624699408517
2019-08-14,257.6927490234375,-0.029567805293795546
2019-08-15,258.37347412109375,0.002641615257844565
2019-08-16,262.185791015625,0.014755063024559867
2019-08-19,265.34454345703125,0.012047763645658405
2019-08-20,263.3114013671875,-0.007662272091051969
2019-08-21,265.4535217285156,0.008135311840678394
2019-08-22,265.3717346191406,-0.0003081033125589272
2019-08-23,258.5550537109375,-0.025687290765862403
2019-08-26,261.4141845703125,0.011058112453572466
2019-08-27,260.38861083984375,-0.00392317552375554
2019-08-28,262.22210693359375,0.007041383599061257
2019-08-29,265.5715026855469,0.012773125008874064
2019-08-30,265.4535217285156,-0.0004442530762457375
2019-09-03,263.9013671875,-0.005847180067187208
2019-09-04,266.896728515625,0.011350306214961137
2019-09-05,270.3277587890625,0.01285527287096988
2019-09-06,270.5364685058594,0.000772061728813167
2019-09-09,270.6727294921875,0.0005036695683975356
2019-09-10,270.6092224121094,-0.00023462681370700622
2019-09-11,272.533447265625,0.007110714248257377
2019-09-12,273.4775085449219,0.003464019880013991
2019-09-13,273.2959289550781,-0.0006639653506055332
2019-09-16,272.45172119140625,-0.003088987702449919
2019-09-17,273.1416931152344,0.0025324557349497567
2019-09-18,273.3050842285156,0.0005981917715225382
2019-09-19,273.2868347167969,-6.67734073453996e-05
2019-09-20,271.99560546875,-0.004724813214602719
2019-09-23,271.9317321777344,-0.00023483206982533034
2019-09-24,269.79803466796875,-0.00784644547614266
2019-09-25,271.3938903808594,0.005915001252157381
2019-09-26,270.8284606933594,-0.0020834282109538638
2019-09-27,269.3694152832031,-0.005387341516548516
2019-09-30,270.6186218261719,0.004637521827247415
2019-10-01,267.3996887207031,-0.011894721374851924
2019-10-02,262.6761779785156,-0.017664608230420042
2019-10-03,264.8282775878906,0.008192975952128423
2019-10-04,268.4118957519531,0.01353185617753061
2019-10-07,267.2538146972656,-0.004314566802052999
2019-10-08,263.1047668457031,-0.01552474697606232
2019-10-09,265.603271484375,0.009496234783678892
2019-10-10,267.3996887207031,0.006763535803939735
2019-10-11,270.1718444824219,0.010367086719439866
2019-10-14,269.87091064453125,-0.0011138608409293482
2019-10-15,272.5427551269531,0.009900453798598496
2019-10-16,272.10498046875,-0.0016062604856225127
2019-10-17,272.90753173828125,0.0029494177877549266
2019-10-18,271.71295166015625,-0.004377233821712956
2019-10-21,273.554931640625,0.00677913941611652
2019-10-22,272.6612548828125,-0.003266900554315555
2019-10-23,273.4546813964844,0.002909934944782977
2019-10-24,273.9014892578125,0.0016339375103997522
2019-10-25,275.0230712890625,0.004094837287263786
2019-10-28,276.5732727050781,0.005636623170375055
2019-10-29,276.4911193847656,-0.000297039983325198
2019-10-30,277.3393249511719,0.0030677497645987817
2019-10-31,276.6005859375,-0.002663664858209125
2019-11-01,279.16302490234375,0.00926404026281702
2019-11-04,280.2845764160156,0.004017550368872191
2019-11-05,279.9746398925781,-0.0011057922893961125
2019-11-06,280.03839111328125,0.0002277035546061068
2019-11-07,281.023193359375,0.003516668704525605
2019-11-08,281.7162780761719,0.002466290089838008
2019-11-11,281.17828369140625,-0.001909702869992369
2019-11-12,281.77105712890625,0.0021081764555848093
2019-11-13,281.8621826171875,0.0003234025850977762
2019-11-14,282.2725524902344,0.0014559238463154323
2019-11-15,284.3151550292969,0.007236277565928706
2019-11-18,284.5247497558594,0.0007371915385265826
2019-11-19,284.4427490234375,-0.0002882024586340348
2019-11-20,283.3849182128906,-0.003718958610049561
2019-11-21,282.9290466308594,-0.0016086656442626523
2019-11-22,283.5582275390625,0.002223811643574436
2019-11-25,285.7558898925781,0.007750303606383291
2019-11-26,286.40338134765625,0.002265890146031735
2019-11-27,287.6799621582031,0.0044572826079776195
2019-11-29,286.6130676269531,-0.0037086160719921324
2019-12-02,284.1783752441406,-0.008494701246425485
2019-12-03,282.2725524902344,-0.006706431311914396
2019-12-04,284.0141906738281,0.0061700585771760075
2019-12-05,284.5247497558594,0.0017976534229502406
2019-12-06,287.12371826171875,0.009134419793320081
2019-12-09,286.2209167480469,-0.0031442944495757574
2019-12-10,285.90179443359375,-0.001114951059757896
2019-12-11,286.7134094238281,0.002838789423628141
2019-12-12,289.1845397949219,0.008618816873824153
2019-12-13,289.3577880859375,0.0005990925072913988
2019-12-16,291.3456726074219,0.006869987964153168
2019-12-17,291.4096374511719,0.0002195496613268677
2019-12-18,291.42779541015625,6.231077030660614e-05
2019-12-19,292.62237548828125,0.004099060202695348
2019-12-20,293.9051818847656,0.004383828797588807
2019-12-23,294.35430908203125,0.0015281363682853044
2019-12-24,294.36346435546875,3.110290270957883e-05
2019-12-26,295.9304504394531,0.005323303581221905
2019-12-27,295.8570556640625,-0.00024801359671378087
2019-12-30,294.2259826660156,-0.005513044109716647
2019-12-31,294.940673828125,0.002429055230382726
2020-01-02,297.6990051269531,0.00935215636089426
2020-01-03,295.44476318359375,-0.007572218598439928
2020-01-06,296.57183837890625,0.0038148423521460195
2020-01-07,295.7380065917969,-0.002811567651423652
2020-01-08,297.314208984375,0.005329725491636683
2020-01-09,299.33013916015625,0.0067804703403435695
2020-01-10,298.4687805175781,-0.002877620826939986
2020-01-13,300.52142333984375,0.006877244644167169
2020-01-14,300.0632019042969,-0.0015247546429616454
2020-01-15,300.7413635253906,0.0022600626027780013
2020-01-16,303.24298095703125,0.008318168815608873
2020-01-17,304.1868591308594,0.0031126134258714355
2020-01-21,303.5911865234375,-0.0019582456951752203
2020-01-22,303.6278991699219,0.00012092790605944259
2020-01-23,303.9760437011719,0.0011466157497441731
2020-01-24,301.27276611328125,-0.00889306129185663
2020-01-27,296.44354248046875,-0.01602940649138085
2020-01-28,299.550048828125,0.010479251197927253
2020-01-29,299.3026123046875,-0.0008260273179907518
2020-01-30,300.27398681640625,0.0032454595175062106
2020-01-31,294.82159423828125,-0.01815805836507145
2020-02-03,297.01165771484375,0.007428436448900122
2020-02-04,301.53857421875,0.0152415448563048
2020-02-05,305.0207824707031,0.011548135295708306
2020-02-06,306.0470886230469,0.0033647089356685367
2020-02-07,304.4159851074219,-0.005329583506131663
2020-02-10,306.6885681152344,0.007465386572950594
2020-02-11,307.2201232910156,0.0017332083130712217
2020-02-12,309.1993713378906,0.006442442720459907
2020-02-13,308.86944580078125,-0.0010670317202838842
2020-02-14,309.36431884765625,0.001602207837657632
2020-02-18,308.5671081542969,-0.002576931613603284
2020-02-19,310.0423583984375,0.004780970509024263
2020-02-20,308.7686767578125,-0.004108089124351788
2020-02-21,305.5888671875,-0.010298355402179049
2020-02-24,295.4538879394531,-0.033165407304672434
2020-02-25,286.5010070800781,-0.0303021257287015
2020-02-26,285.4471740722656,-0.0036782872721907722
2020-02-27,272.6273498535156,-0.044911371991738336
2020-02-28,271.4818420410156,-0.0042017347603440225
2020-03-02,283.2388000488281,0.04330660908819173
2020-03-03,275.1288757324219,-0.028632815542955825
2020-03-04,286.6935119628906,0.04203352410641181
2020-03-05,277.1632995605469,-0.03324181400930115
2020-03-06,272.5814208984375,-0.01653133250099892
2020-03-09,251.29441833496094,-0.07809410668311101
2020-03-10,264.2975769042969,0.051744717035471455
2020-03-11,251.4134521484375,-0.04874855421215141
2020-03-12,227.35894775390625,-0.09567707769403355
2020-03-13,246.79502868652344,0.08548632514632692
2020-03-16,219.78976440429688,-0.10942385843812263
2020-03-17,231.6566925048828,0.053992178083220876
2020-03-18,219.92721557617188,-0.05063301561410194
2020-03-19,220.39453125,0.0021248651405141317
2020-03-20,210.8968048095703,-0.043094201959376854
2020-03-23,205.5045623779297,-0.02556815612502783
2020-03-24,224.12396240234375,0.09060334140014059
2020-03-25,227.47915649414062,0.01497026045690597
2020-03-26,240.76165771484375,0.05838997042810501
2020-03-27,233.59036254882812,-0.02978586887165091
2020-03-30,241.1763916015625,0.03247577926571621
2020-03-31,237.58152770996094,-0.014905538090728587
2020-04-01,226.88922119140625,-0.04500478897335758
2020-04-02,232.1248016357422,0.023075492157995203
2020-04-03,228.76959228515625,-0.014454333733157188
2020-04-06,244.13522338867188,0.06716640507171379
2020-04-07,244.3840789794922,0.0010193350527880618
2020-04-08,252.58767700195312,0.03356846344785569
2020-04-09,256.4314270019531,0.015217488222793563
2020-04-13,254.09011840820312,-0.009130349665496196
2020-04-14,261.583984375,0.029492945313039476
2020-04-15,256.02581787109375,-0.021248114700853415
2020-04-16,257.2609558105469,0.004824271043145423
2020-04-17,264.2109375,0.027015299183492436
2020-04-20,259.5561218261719,-0.017617800829415442
2020-04-21,251.6750946044922,-0.030363480415066868
2020-04-22,257.2609558105469,0.02219473172279085
2020-04-23,257.24261474609375,-7.129361855684468e-05
2020-04-24,260.8281555175781,0.013938362331697762
2020-04-27,264.58892822265625,0.014418584134888945
2020-04-28,263.3721923828125,-0.004598589396831665
2020-04-29,270.2668762207031,0.02617848063423933
2020-04-30,267.75054931640625,-0.009310526467335212
2020-05-01,260.6622619628906,-0.026473474551640397
2020-05-04,261.3811950683594,0.0027581019977915844
2020-05-05,263.7962341308594,0.009239528734530378
2020-05-06,262.0079040527344,-0.006779210036932826
2020-05-07,265.1695556640625,0.01206700852311604
2020-05-08,269.5571594238281,0.016546408386806544
2020-05-11,269.6124267578125,0.00020503010976402614
2020-05-12,264.2386779785156,-0.019931383890268606
2020-05-13,259.5653076171875,-0.017686170688865244
2020-05-14,262.671630859375,0.01196740531584739
2020-05-15,263.87908935546875,0.0045968363318997785
2020-05-18,271.9168701171875,0.030460089813676428
2020-05-19,269.1239013671875,-0.010271406657469728
2020-05-20,273.6958312988281,0.016988197289109497
2020-05-21,271.80621337890625,-0.006904080018152459
2020-05-22,272.3223876953125,0.0018990526742914682
2020-05-26,275.677490234375,0.012320333144318463
2020-05-27,279.779296875,0.014879004582992073
2020-05-28,279.2631530761719,-0.0018448248479898677
2020-05-29,280.5074768066406,0.004455739028805361
2020-06-01,281.6412658691406,0.004041921004770632
2020-06-02,283.9732360839844,0.00827993088174539
2020-06-03,287.7525634765625,0.013308745023634438
2020-06-04,286.9966735839844,-0.0026268745739242982
2020-06-05,294.35223388671875,0.025629427027424878
2020-06-08,297.9102783203125,0.012087709974584637
2020-06-09,295.6887512207031,-0.007457034084674241
2020-06-10,294.038818359375,-0.005579964927704073
2020-06-11,277.0877990722656,-0.05764891649915349
2020-06-12,280.4060974121094,0.011975620546822885
2020-06-15,283.02392578125,0.009335846806830528
2020-06-16,288.471435546875,0.019247523864238225
2020-06-17,287.2731628417969,-0.004153869525440057
2020-06-18,287.3838195800781,0.00038519692263139227
2020-06-19,285.7414245605469,-0.005714987788564829
2020-06-22,287.5744934082031,0.006415131619349257
2020-06-23,288.8984375,0.004603830041065571
2020-06-24,281.5289611816406,-0.025508882575245417
2020-06-25,284.5471496582031,0.010720703347515181
2020-06-26,277.7887268066406,-0.02375150431020201
2020-06-29,281.87158203125,0.014697699476664994
2020-06-30,285.4821472167969,0.012809255759406835
2020-07-01,287.4819030761719,0.007004836830852179
2020-07-02,289.06512451171875,0.005507203822591178
2020-07-06,293.5274658203125,0.015437148691428648
2020-07-07,290.5000915527344,-0.010313768284401004
2020-07-08,292.7220764160156,0.0076488267229268825
2020-07-09,291.05560302734375,-0.005693022573068585
2020-07-10,294.02740478515625,0.01021042621032553
2020-07-13,291.4814147949219,-0.008659022760462487
2020-07-14,295.2587585449219,0.012959123835245556
2020-07-15,297.9713134765625,0.009187043070317369
2020-07-16,296.9899597167969,-0.0032934504611056292
2020-07-17,297.85101318359375,0.0028992679335624327
2020-07-20,300.2580871582031,0.00808146982238278
2020-07-21,300.8969421386719,0.00212768617330239
2020-07-22,302.6096496582031,0.005692007061812943
2020-07-23,298.99896240234375,-0.011931831188918274
2020-07-24,297.0732727050781,-0.006440456119959248
2020-07-27,299.23974609375,0.007292724010290463
2020-07-28,297.3418884277344,-0.006342264658321994
2020-07-29,300.9987487792969,0.012298503822986362
2020-07-30,299.9248352050781,-0.0035678340145067766
2020-07-31,302.2948303222656,0.007901963555525526
2020-08-03,304.3964538574219,0.0069522311477037135
2020-08-04,305.5721740722656,0.0038624635732269486
2020-08-05,307.4700927734375,0.00621103248989896
2020-08-06,309.525390625,0.006684545586282287
2020-08-07,309.7475891113281,0.000717868365756491
2020-08-10,310.6734313964844,0.0029890217638577354
2020-08-11,308.1088562011719,-0.008254890621913424
2020-08-12,312.4046936035156,0.013942596312580102
2020-08-13,311.8399353027344,-0.0018077778994511906
2020-08-14,311.84912109375,2.9456750004541732e-05
2020-08-17,312.83978271484375,0.0031767337282182506
2020-08-18,313.5157165527344,0.0021606390083281912
2020-08-19,312.2103576660156,-0.004163615467421611
2020-08-20,313.182373046875,0.0031133348301632946
2020-08-21,314.2933654785156,0.0035474296360680224
2020-08-24,317.4781188964844,0.01013305964355915
2020-08-25,318.5890808105469,0.003499333805819571
2020-08-26,321.7831726074219,0.01002574158771763
2020-08-27,322.4867858886719,0.0021866068245539605
2020-08-28,324.5697937011719,0.006459203612823705
2020-08-31,323.39404296875,-0.0036224896932471884
2020-09-01,326.44000244140625,0.009418724738076145
2020-09-02,331.16156005859375,0.014463783794496754
2020-09-03,319.7648620605469,-0.03441431425806307
2020-09-04,317.1540832519531,-0.008164683235581394
2020-09-08,308.488525390625,-0.027322863929341357
2020-09-09,314.5802917480469,0.019747140836788413
2020-09-10,309.1180419921875,-0.017363610814609465
2020-09-11,309.27545166015625,0.0005092218718594221
2020-09-14,313.3490295410156,0.01317135860280172
2020-09-15,314.9321594238281,0.005052289088405493
2020-09-16,313.6823425292969,-0.0039685273705225566
2020-09-17,310.9234313964844,-0.008795238873080091
2020-09-18,307.34381103515625,-0.0115128677991575
2020-09-21,303.9232177734375,-0.011129533567628802
2020-09-22,307.0185852050781,0.01018470209126332
2020-09-23,299.8984069824219,-0.02319135897880653
2020-09-24,300.6978759765625,0.0026657994024872345
2020-09-25,305.5592041015625,0.016166818968082364
2020-09-28,310.63427734375,0.01660913228619565
2020-09-29,308.9426574707031,-0.00544569610125456
2020-09-30,311.28497314453125,0.007581716597521826
2020-10-01,313.2834777832031,0.006420177043830355
2020-10-02,310.30902099609375,-0.009494457888927443
2020-10-05,315.8117980957031,0.017733216655917428
2020-10-06,311.3221130371094,-0.014216331010006189
2020-10-07,316.7412414550781,0.017406821395057115
2020-10-08,319.5484313964844,0.00886272317589687
2020-10-09,322.4020080566406,0.008930028689815739
2020-10-12,327.58868408203125,0.016087604592336824
2020-10-13,325.4507751464844,-0.006526198978874187
2020-10-14,323.4058837890625,-0.006283258525045632
2020-10-15,323.00616455078125,-0.001235967736882504
2020-10-16,322.81097412109375,-0.0006042932027596759
2020-10-19,317.9031982421875,-0.015203249803599439
2020-10-20,319.176513671875,0.004005355833877067
2020-10-21,318.5723571777344,-0.0018928601205341344
2020-10-22,320.31982421875,0.005485306561110903
2020-10-23,321.4073486328125,0.0033951205384024075
2020-10-26,315.4677429199219,-0.01847999349783458
2020-10-27,314.3802795410156,-0.003447146034142312
2020-10-28,303.6351013183594,-0.034178919359521664
2020-10-29,306.7210998535156,0.010163510482671834
2020-10-30,303.5235290527344,-0.010425010872445184
2020-11-02,306.9255676269531,0.011208483852425344
2020-11-03,312.3446350097656,0.017655965987815714
2020-11-04,319.3253173828125,0.02234929494732185
2020-11-05,325.5530700683594,0.019502846616076264
2020-11-06,325.4787292480469,-0.000228352385977737
2020-11-09,329.56854248046875,0.012565531522968021
2020-11-10,329.08514404296875,-0.001466761462916799
2020-11-11,331.5298767089844,0.007428875810013613
2020-11-12,328.31365966796875,-0.009701137867097254
2020-11-13,332.8589782714844,0.013844439515895868
2020-11-16,337.0139465332031,0.012482668436030186
2020-11-17,335.2013244628906,-0.005378477920449876
2020-11-18,331.1672058105469,-0.012034912626934902
2020-11-19,332.5615539550781,0.004210405257726313
2020-11-20,330.2843017578125,-0.006847611126971187
2020-11-23,332.2641296386719,0.005994314202408368
2020-11-24,337.6181335449219,0.01611369819568642
2020-11-25,337.0976257324219,-0.00154170573432999
2020-11-27,338.036376953125,0.0027848051989789457
2020-11-30,336.53985595703125,-0.004427100448722632
2020-12-01,340.22076416015625,0.010937510484924529
2020-12-02,340.9365234375,0.002103808329014356
2020-12-03,340.8435363769531,-0.0002727400972161176
2020-12-04,343.78076171875,0.008617518093546828
2020-12-07,343.0743408203125,-0.0020548587271309593
2020-12-08,344.07818603515625,0.002926028255110902
2020-12-09,340.9922180175781,-0.008968798787095444
2020-12-10,340.88067626953125,-0.0003271093654141355
2020-12-11,340.4811096191406,-0.0011721598735467964
2020-12-14,338.9566650390625,-0.0044773249881127075
2020-12-15,343.5391845703125,0.013519484948678828
2020-12-16,344.07818603515625,0.0015689664790872193
2020-12-17,346.0023193359375,0.005592139748680891
2020-12-18,344.6207275390625,-0.003993013109064192
2020-12-21,343.38861083984375,-0.0035752832048649985
2020-12-22,342.8099060058594,-0.0016852767264732282
2020-12-23,343.1179504394531,0.0008985867333382025
2020-12-24,344.4527893066406,0.0038903207059783895
2020-12-28,347.411865234375,0.008590657470624041
2020-12-29,346.74908447265625,-0.0019077666252752534
2020-12-30,347.2438659667969,0.0014269150699939281
2020-12-31,349.00811767578125,0.005080728219841513
2021-01-04,344.2567138671875,-0.013614020900819424
2021-01-05,346.62774658203125,0.006887397164194509
2021-01-06,348.70013427734375,0.005978712655716478
2021-01-07,353.880859375,0.014857250079335138
2021-01-08,355.8971862792969,0.005697756323577385
2021-01-11,353.4981384277344,-0.006740845232982018
2021-01-12,353.5728759765625,0.00021142275079721884
2021-01-13,354.5249938964844,0.0026928477397825112
2021-01-14,353.283447265625,-0.0035020002883686674
2021-01-15,350.7070617675781,-0.007292686702385365
2021-01-19,353.4608154296875,0.007852005169871168
2021-01-20,358.352294921875,0.01383881686076327
2021-01-21,358.678955078125,0.000911561502128011
2021-01-22,357.4093933105469,-0.003539549085899374
2021-01-25,358.8190002441406,0.003943956034666796
2021-01-26,358.2589416503906,-0.0015608387330908746
2021-01-27,349.50286865234375,-0.02444062654154644
2021-01-28,352.5086364746094,0.008600123466384169
2021-01-29,345.4516296386719,-0.02001938706101969
2021-02-01,351.2017517089844,0.016645230697932778
2021-02-02,356.1678466796875,0.014140291005205974
2021-02-03,356.44793701171875,0.0007863998242467751
2021-02-04,360.49920654296875,0.011365669739075601
2021-02-05,361.91815185546875,0.003936056686801193
2021-02-08,364.53179931640625,0.007221653425057317
2021-02-09,364.28912353515625,-0.0006657190996919304
2021-02-10,364.1304626464844,-0.0004355356183357584
2021-02-11,364.718505859375,0.0016149245207794927
2021-02-12,366.5201416015625,0.004939797990075601
2021-02-16,366.20269775390625,-0.0008661020544986631
2021-02-17,366.2868347167969,0.00022975516949141905
2021-02-18,364.72784423828125,-0.004256201235627199
2021-02-19,364.0837707519531,-0.001765901607192144
2021-02-22,361.2833557128906,-0.007691677751190951
2021-02-23,361.7220764160156,0.0012143396483330626
2021-02-24,365.7079772949219,0.011019235868595656
2021-02-25,356.8959655761719,-0.02409576018530113
2021-02-26,355.0570068359375,-0.005152646478548961
2021-03-01,363.6636962890625,0.02424030307083025
2021-03-02,360.8259582519531,-0.007803193076643455
2021-03-03,356.04656982421875,-0.013245689004439898
2021-03-04,351.6405334472656,-0.012374887866855144
2021-03-05,358.10955810546875,0.01839669788572107
2021-03-08,356.3266296386719,-0.004978723484034386
2021-03-09,361.4140319824219,0.01427735656161544
2021-03-10,363.6636962890625,0.00622461804900265
2021-03-11,367.3509826660156,0.010139275420063543
2021-03-12,367.84564208984375,0.0013465580525691134
2021-03-15,370.0393981933594,0.00596379527850921
2021-03-16,369.5726623535156,-0.0012613139090661418
2021-03-17,370.83282470703125,0.0034097823834984275
2021-03-18,365.437255859375,-0.01454986853420781
2021-03-19,364.76116943359375,-0.0018500752589971636
2021-03-22,367.6737976074219,0.007985028061925803
2021-03-23,364.7798767089844,-0.007870892397742857
2021-03-24,362.92547607421875,-0.005083615498464145
2021-03-25,364.9671325683594,0.0056255529819104755
2021-03-26,370.8486633300781,0.016115234049512983
2021-03-29,370.6614074707031,-0.0005049387469635569
2021-03-30,369.6779479980469,-0.0026532556474306856
2021-03-31,371.1763610839844,0.004053293127307178
2021-04-01,375.1847229003906,0.01079907622538312
2021-04-05,380.5697937011719,0.014353118536254872
2021-04-06,380.34515380859375,-0.0005902725237161288
2021-04-07,380.78521728515625,0.001157010868038988
2021-04-08,382.5927734375,0.004746917869424827
2021-04-09,385.3742370605469,0.007270037011039454
2021-04-12,385.5147399902344,0.00036458827855012643
2021-04-13,386.6573486328125,0.0029638520244570365
2021-04-14,385.3368225097656,-0.003415236068100458
2021-04-15,389.4761657714844,0.010742143028944051
2021-04-16,390.7781066894531,0.0033427999769635175
2021-04-19,388.85821533203125,-0.004912996210782117
2021-04-20,386.0111389160156,-0.00732163113381723
2021-04-21,389.66357421875,0.00946199457609187
2021-04-22,386.104736328125,-0.009133103851855395
2021-04-23,390.2910461425781,0.010842420256910401
2021-04-26,391.1058349609375,0.0020876441476489482
2021-04-27,391.02154541015625,-0.00021551596331892409
2021-04-28,390.90911865234375,-0.0002875206216439441
2021-04-29,393.4003601074219,0.006372942804881765
2021-04-30,390.8154602050781,-0.0065706597259796995
2021-05-03,391.658447265625,0.002156995171338716
2021-05-04,389.24212646484375,-0.006169459174571235
2021-05-05,389.3638916015625,0.00031282620364003755
2021-05-06,392.4731750488281,0.007985546462658144
2021-05-07,395.3296203613281,0.007278065085963181
2021-05-10,391.414794921875,-0.009902686866405275
2021-05-11,387.921630859375,-0.008924455865796377
2021-05-12,379.6800537109375,-0.021245469426852237
2021-05-13,384.2409973144531,0.012012597340675724
2021-05-14,390.14117431640625,0.015355407265728482
2021-05-17,389.14849853515625,-0.0025444014797703085
2021-05-18,385.7956848144531,-0.008615769387069205
2021-05-19,384.78424072265625,-0.0026217091885911703
2021-05-20,388.9237060546875,0.010757886872541755
2021-05-21,388.6052551269531,-0.0008188005070834947
2021-05-24,392.5668029785156,0.010194272463629694
2021-05-25,391.6958923339844,-0.0022185030367402048
2021-05-26,392.4731750488281,0.001984403538704882
2021-05-27,392.67913818359375,0.0005247827058243448
2021-05-28,393.3816223144531,0.00178895200317708
2021-06-01,393.0351257324219,-0.000880815377171551
2021-06-02,393.6531677246094,0.0015724853880063616
2021-06-03,392.1921691894531,-0.0037113851861045877
2021-06-04,395.77923583984375,0.009146196513316607
2021-06-07,395.39520263671875,-0.0009703217560418365
2021-06-08,395.4794921875,0.00021317798045883407
2021-06-09,394.889404296875,-0.0014920821490921332
2021-06-10,396.7251281738281,0.0046487038066309605
2021-06-11,397.38055419921875,0.0016520910293926772
2021-06-14,398.27032470703125,0.002239089201547584
2021-06-15,397.5398864746094,-0.0018340262558079745
2021-06-16,395.3201904296875,-0.005583580718418468
2021-06-17,395.18914794921875,-0.0003314844109690851
2021-06-18,389.8578796386719,-0.01349042183524718
2021-06-21,395.4390563964844,0.014315926519133715
2021-06-22,397.5531311035156,0.005346145437165939
2021-06-23,397.0740661621094,-0.001205033752536333
2021-06-24,399.4230041503906,0.005915616728598527
2021-06-25,400.8417053222656,0.0035518764746480525
2021-06-28,401.6498107910156,0.0020160214319522307
2021-06-29,401.8659362792969,0.0005380943360975277
2021-06-30,402.2041931152344,0.0008417156205606791
2021-07-01,404.4310607910156,0.005536659522451082
2021-07-02,407.5222473144531,0.0076432965296768796
2021-07-06,406.7799377441406,-0.0018215191322786817
2021-07-07,408.2176513671875,0.0035343769189304375
2021-07-08,404.891357421875,-0.008148334434270987
2021-07-09,409.2135314941406,0.010674898322816428
2021-07-12,410.6793518066406,0.003582042624905135
2021-07-13,409.279296875,-0.0034091193664389507
2021-07-14,409.89013671875,0.0014924767717643395
2021-07-15,408.49005126953125,-0.003415757842886169
2021-07-16,405.2860412597656,-0.007843544781098055
2021-07-19,399.30084228515625,-0.014767838921876941
2021-07-20,405.02294921875,0.014330315210072442
2021-07-21,408.3021240234375,0.00809626913984185
2021-07-22,409.1571044921875,0.002093989765042048
2021-07-23,413.3666687011719,0.010288381071150932
2021-07-26,414.3813781738281,0.0024547442972229216
2021-07-27,412.49273681640625,-0.0045577370434576325
2021-07-28,412.32366943359375,-0.00040986753880167814
2021-07-29,414.0337219238281,0.004147354656072633
2021-07-30,412.0229187011719,-0.004856617024606047
2021-08-02,411.1585693359375,-0.0020978186552318423
2021-08-03,414.5034484863281,0.008135253403067644
2021-08-04,412.464599609375,-0.004918774221055466
2021-08-05,415.07666015625,0.0063328114687872805
2021-08-06,415.76251220703125,0.0016523503165006836
2021-08-09,415.4242858886719,-0.0008135084535735304
2021-08-10,415.9410400390625,0.0012439189713842058
2021-08-11,416.974609375,0.002484893858611281
2021-08-12,418.2243347167969,0.0029971257570575727
2021-08-13,418.9853515625,0.0018196378893602372
2021-08-16,419.97198486328125,0.0023548157402206726
2021-08-17,417.2189636230469,-0.00655524972964705
2021-08-18,412.6524963378906,-0.010945013729725894
2021-08-19,413.2913818359375,0.0015482409623512883
2021-08-20,416.5799865722656,0.007957109392698669
2021-08-23,420.2444152832031,0.00879645885317104
2021-08-24,420.91156005859375,0.0015875161004603733
2021-08-25,421.7948303222656,0.0020984699577957233
2021-08-26,419.30487060546875,-0.005903248541226702
2021-08-27,423.0538024902344,0.008940825989815604
2021-08-30,424.91424560546875,0.0043976513253944916
2021-08-31,424.28466796875,-0.0014816581068531898
2021-09-01,424.51019287109375,0.0005315414846909228
2021-09-02,425.8162536621094,0.0030766299913373985
2021-09-03,425.712890625,-0.00024274093865706003
2021-09-07,424.1907958984375,-0.003575402014084794
2021-09-08,423.6739807128906,-0.0012183554913119954
2021-09-09,421.860595703125,-0.0042801424971020685
2021-09-10,418.5343322753906,-0.00788474548610163
2021-09-13,419.6054992675781,0.002559328852101528
2021-09-14,417.34112548828125,-0.00539643494484543
2021-09-15,420.82696533203125,0.008352495430858031
2021-09-16,420.1598815917969,-0.0015851734684065866
2021-09-17,416.0670166015625,-0.009741208453144856
2021-09-20,409.1295166015625,-0.016673996551482384
2021-09-21,408.7430419921875,-0.0009446265636986473
2021-09-22,412.730224609375,0.009754741261781996
2021-09-23,417.74493408203125,0.012150090237278866
2021-09-24,418.4329833984375,0.001647056038915684
2021-09-27,417.23590087890625,-0.0028608703592358786
2021-09-28,408.8278503417969,-0.02015179067620465
2021-09-29,409.5159606933594,0.0016831298332224964
2021-09-30,404.5107727050781,-0.012222204916767732
2021-10-01,409.3179931640625,0.011884035687942607
2021-10-04,404.0393981933594,-0.012896073612350012
2021-10-05,408.2434387207031,0.010405026208191392
2021-10-06,409.9401550292969,0.004156138587090741
2021-10-07,413.484375,0.008645700908343157
2021-10-08,412.730224609375,-0.0018238909042814777
2021-10-11,409.7421875,-0.007239685710449195
2021-10-12,408.7335510253906,-0.002461636866741612
2021-10-13,410.20404052734375,0.003597672611568292
2021-10-14,417.10394287109375,0.01682065914046027
2021-10-15,420.280517578125,0.007615786811233649
2021-10-18,421.5247802734375,0.0029605528766418754
2021-10-19,424.77685546875,0.007715027318685674
2021-10-20,426.4451599121094,0.0039274843294330175
2021-10-21,427.5574645996094,0.0026083182365799207
2021-10-22,427.1143798828125,-0.0010363161761467454
2021-10-25,429.40496826171875,0.00536293903177576
2021-10-26,429.79144287109375,0.0009000236092737701
2021-10-27,427.8873596191406,-0.004430249330311109
2021-10-28,432.0159912109375,0.009648874870881397
2021-10-29,432.89263916015625,0.002029202545863029
2021-11-01,433.6372985839844,0.0017201942386289026
2021-11-02,435.39056396484375,0.004043160924082301
2021-11-03,438.0487060546875,0.006105189937139821
2021-11-04,440.113037109375,0.004712560558117085
2021-11-05,441.6400451660156,0.0034695815117631312
2021-11-08,442.0170593261719,0.0008536684213373835
2021-11-09,440.5560607910156,-0.0033052989795991916
2021-11-10,437.0118103027344,-0.008044947746077002
2021-11-11,437.15325927734375,0.000323673116549017
2021-11-12,440.45233154296875,0.007546717759988164
2021-11-15,440.6031494140625,0.0003424158763456475
2021-11-16,442.3470153808594,0.0039579062680690225
2021-11-17,441.2723693847656,-0.0024294184401096874
2021-11-18,442.77117919921875,0.0033965639329351927
2021-11-19,441.9794006347656,-0.0017882341978200378
2021-11-22,440.73516845703125,-0.0028151361261349317
2021-11-23,441.319580078125,0.0013259927115407688
2021-11-24,442.4978332519531,0.002669841146906604
2021-11-26,432.6286926269531,-0.022303251865598672
2021-11-29,437.9355773925781,0.012266603801521336
2021-11-30,429.4144287109375,-0.019457539239845834
2021-12-01,424.6448669433594,-0.011107129729888032
2021-12-02,431.1488037109375,0.015316178938872271
2021-12-03,427.3972473144531,-0.008701303040143826
2021-12-06,432.45904541015625,0.011843310006109942
2021-12-07,441.40435791015625,0.020684762164047354
2021-12-08,442.5732116699219,0.002648034027800783
2021-12-09,439.5850830078125,-0.0067517160626024975
2021-12-10,443.72320556640625,0.00941370105254502
2021-12-13,439.7925109863281,-0.00885843816768761
2021-12-14,436.7667541503906,-0.006879964438574859
2021-12-15,443.59124755859375,0.015625029477067898
2021-12-16,439.6794128417969,-0.00881855703494272
2021-12-17,435.00006103515625,-0.010642644777012378
2021-12-20,430.37445068359375,-0.010633585523080358
2021-12-21,438.01739501953125,0.01775882449294497
2021-12-22,442.3970642089844,0.009998847623980511
2021-12-23,445.14971923828125,0.006222136745456686
2021-12-27,451.44952392578125,0.014152103023405083
2021-12-28,451.0805969238281,-0.000817205429180512
2021-12-29,451.6575622558594,0.001279073708702727
2021-12-30,450.4089660644531,-0.0027644753365138053
2021-12-31,449.27386474609375,-0.002520157021467795
2022-01-03,451.8751220703125,0.005789914634114934
2022-01-04,451.7237854003906,-0.00033490816938208656
2022-01-05,443.0497741699219,-0.01920202457964537
2022-01-06,442.63348388671875,-0.000939601614701302
2022-01-07,440.8835754394531,-0.003953402783494542
2022-01-10,440.3349914550781,-0.001244283105416688
2022-01-11,444.3456726074219,0.009108249923746703
2022-01-12,445.54693603515625,0.0027034435165878
2022-01-13,439.4079895019531,-0.013778450790914443
2022-01-14,439.5876770019531,0.000408930889499004
2022-01-18,431.802734375,-0.017709647094858227
2022-01-19,427.3190612792969,-0.010383614411782038
2022-01-20,422.5894775390625,-0.011068038308600259
2022-01-21,414.2937927246094,-0.01963059956618607
2022-01-24,416.05316162109375,0.004246669700054717
2022-01-25,410.9736022949219,-0.012208918942906433
2022-01-26,409.94256591796875,-0.0025087654564568407
2022-01-27,407.91827392578125,-0.004937989270898391
2022-01-28,418.0491027832031,0.024835437647652725
2022-01-31,425.5785827636719,0.018010994235702293
2022-02-01,428.4542541503906,0.00675708671250419
2022-02-02,432.6163330078125,0.009714173256781145
2022-02-03,422.4476013183594,-0.02350519597527423
2022-02-04,424.43402099609375,0.004702168201536017
2022-02-07,423.0718688964844,-0.0032093376878992164
2022-02-08,426.55291748046875,0.00822803131076566
2022-02-09,432.7959289550781,0.014635960085527255
2022-02-10,425.0204772949219,-0.017965630312024694
2022-02-11,416.6395568847656,-0.019718862638095302
2022-02-14,415.2774658203125,-0.003269231262239103
2022-02-15,421.9746398925781,0.01612698646924282
2022-02-16,422.4476013183594,0.001120829028734116
2022-02-17,413.4235534667969,-0.021361342385187165
2022-02-18,410.74664306640625,-0.0064749828062362624
2022-02-22,406.3385925292969,-0.010731799301392453
2022-02-23,399.1307067871094,-0.017738619650477405
2022-02-24,405.13726806640625,0.015049108417761303
2022-02-25,414.07623291015625,0.022064039890511422
2022-02-28,413.0167541503906,-0.002558656294565753
2022-03-01,406.7264099121094,-0.015230239875428264
2022-03-02,414.2086181640625,0.018396170176335325
2022-03-03,412.1465148925781,-0.004978417109292477
2022-03-04,408.7980041503906,-0.008124564011078084
2022-03-07,396.7469482421875,-0.029479243503766517
2022-03-08,393.7389831542969,-0.007581570825478612
2022-03-09,404.29541015625,0.026810723483319254
2022-03-10,402.4698181152344,-0.00451549039428889
2022-03-11,397.35235595703125,-0.012715145155898111
2022-03-14,394.4483947753906,-0.007308277245887673
2022-03-15,403.1225280761719,0.021990540247275092
2022-03-16,412.0614013671875,0.02217408521839448
2022-03-17,417.2166442871094,0.012510861009590313
2022-03-18,421.7863464355469,0.010952828011561389
2022-03-21,421.66302490234375,-0.00029237914940893894
2022-03-22,426.5971374511719,0.011701553746551241
2022-03-23,421.1031494140625,-0.012878633152427543
2022-03-24,427.4510192871094,0.015074382326229374
2022-03-25,429.5385437011719,0.00488365758852094
2022-03-28,432.5939025878906,0.0071131192567537305
2022-03-29,437.9454345703125,0.012370798456491361
2022-03-30,435.2412109375,-0.006174795806390243
2022-03-31,428.542236328125,-0.015391406973952582
2022-04-01,429.7567138671875,0.002833973961279712
2022-04-04,433.4383850097656,0.008566872892917576
2022-04-05,427.9634094238281,-0.012631496829276334
2022-04-06,423.6840515136719,-0.009999354654916859
2022-04-07,425.8190002441406,0.005039011317139019
2022-04-08,424.68035888671875,-0.0026740031721671498
2022-04-11,417.421630859375,-0.01709221506351788
2022-04-12,415.8749694824219,-0.0037052736672243958
2022-04-13,420.6382751464844,0.01145369645590999
2022-04-14,415.4005432128906,-0.01245186718153446
2022-04-18,415.5713195800781,0.00041111252736136805
2022-04-19,422.27984619140625,0.016142900857804232
2022-04-20,421.96661376953125,-0.000741765027860275
2022-04-21,415.65667724609375,-0.014953639263232898
2022-04-22,404.25146484375,-0.027439021256456697
2022-04-25,406.5950927734375,0.005797450679846827
2022-04-26,394.81982421875,-0.02896067553193249
2022-04-27,395.9300231933594,0.0028119129448633817
2022-04-28,405.93096923828125,0.025259377816967854
2022-04-29,390.9294738769531,-0.036955779425940416
2022-05-02,393.2827453613281,0.006019682939321536
2022-05-03,395.08551025390625,0.004583890124449264
2022-05-04,407.1169738769531,0.03045280910280601
2022-05-05,392.64697265625,-0.035542613423621416
2022-05-06,390.3032531738281,-0.005969024710840487
2022-05-09,377.8067932128906,-0.032017309257148296
2022-05-10,378.6797790527344,0.002310667398063071
2022-05-11,372.6639099121094,-0.015886428252582352
2022-05-12,372.2749328613281,-0.0010437744048598097
2022-05-13,381.17523193359375,0.02390786562999936
2022-05-16,379.62860107421875,-0.0040575324150243786
2022-05-17,387.437744140625,0.02057048137129036
2022-05-18,371.8194885253906,-0.04031165226268085
2022-05-19,369.5422668457031,-0.006124535560841138
2022-05-20,369.7035827636719,0.0004365290047758652
2022-05-23,376.6207275390625,0.01870997495799842
2022-05-24,373.7457275390625,-0.0076336743832077225
2022-05-25,377.04766845703125,0.008834725522377074
2022-05-26,384.58160400390625,0.019981387440229037
2022-05-27,394.0228271484375,0.024549336333922422
2022-05-31,391.81195068359375,-0.005611036499697186
2022-06-01,388.64276123046875,-0.00808854719105867
2022-06-02,396.0438537597656,0.01904343337275738
2022-06-03,389.544189453125,-0.01641147626692685
2022-06-06,390.7302551269531,0.0030447525747803184
2022-06-07,394.4781799316406,0.00959210287790424
2022-06-08,390.1893615722656,-0.010872130773160182
2022-06-09,380.90960693359375,-0.02378269515416609
2022-06-10,369.8648681640625,-0.028995694958821927
2022-06-13,355.82171630859375,-0.03796833131293664
2022-06-14,354.7495422363281,-0.0030132339402684227
2022-06-15,359.80694580078125,0.014256265230312648
2022-06-16,347.8988037109375,-0.03309592054522781
2022-06-17,348.64874267578125,0.0021556238677580275
2022-06-21,357.4255065917969,0.025173657156071894
2022-06-22,356.77752685546875,-0.00181290849247695
2022-06-23,360.2748107910156,0.009802422160305024
2022-06-24,371.7294006347656,0.03179403472199582
2022-06-27,370.3094787597656,-0.0038197728578244217
2022-06-28,362.7430114746094,-0.020432820975843646
2022-06-29,362.4475402832031,-0.0008145468887329477
2022-06-30,359.5029602050781,-0.008124155224847773
2022-07-01,363.3052978515625,0.010576651842631124
2022-07-05,363.99139404296875,0.0018884838604433796
2022-07-06,365.220703125,0.0033773026015173624
2022-07-07,370.6906433105469,0.014977081361334355
2022-07-08,370.3857421875,-0.0008225217672717111
2022-07-11,366.1546630859375,-0.01142343945685853
2022-07-12,362.9144592285156,-0.008849276505489723
2022-07-13,361.0086364746094,-0.00525143792274807
2022-07-14,360.1318664550781,-0.002428667713031074
2022-07-15,367.0122375488281,0.019105143794899915
2022-07-18,363.9818420410156,-0.008256933142207101
2022-07-19,373.8163757324219,0.027019297545886944
2022-07-20,376.19873046875,0.0063730614574075695
2022-07-21,380.0296325683594,0.010183187207559063
2022-07-22,376.5036926269531,-0.009278065811807457
2022-07-25,376.96112060546875,0.0012149362342877001
2022-07-26,372.5013122558594,-0.01183095047692484
2022-07-27,382.17376708984375,0.025966230227239206
2022-07-28,386.9671630859375,0.012542451651232467
2022-07-29,392.60870361328125,0.014578861116675279
2022-08-01,391.44610595703125,-0.002961212131952995
2022-08-02,388.863525390625,-0.006597538018911164
2022-08-03,394.95294189453125,0.01565952090206779
2022-08-04,394.6861267089844,-0.0006755619650964384
2022-08-05,394.01904296875,-0.00169016262567101
2022-08-08,393.5616149902344,-0.0011609286065696889
2022-08-09,391.998779296875,-0.003971006403655886
2022-08-10,400.2323913574219,0.02100417780717434
2022-08-11,400.2323913574219,0.0
2022-08-12,407.0079040527344,0.016928946386205235
2022-08-15,408.68499755859375,0.004120542842436015
2022-08-16,409.48553466796875,0.0019588120781464102
2022-08-17,406.5789794921875,-0.007098065571810808
2022-08-18,407.76068115234375,0.002906450455535614
2022-08-19,402.28118896484375,-0.013438010187776794
2022-08-22,393.90472412109375,-0.020822412465530515
2022-08-23,392.9517822265625,-0.0024192192583054606
2022-08-24,394.2096862792969,0.0032011664271041074
2022-08-25,399.77490234375,0.01411740060722444
2022-08-26,386.2428894042969,-0.03384908072047377
2022-08-29,383.6889953613281,-0.00661214513724151
2022-08-30,379.4768981933594,-0.010977894124907461
2022-08-31,376.5895080566406,-0.007608869342152991
2022-09-01,377.7711486816406,0.003137741757856638
2022-09-02,373.7877502441406,-0.01054447501192568
2022-09-06,372.3774108886719,-0.0037731021269359344
2022-09-07,379.0671691894531,0.01796499493569237
2022-09-08,381.5447998046875,0.006536125564585937
2022-09-09,387.47222900390625,0.015535342644567463
2022-09-12,391.63665771484375,0.010747683057552804
2022-09-13,374.6072998046875,-0.04348254325711143
2022-09-14,376.0367431640625,0.0038158449131138195
2022-09-15,371.76751708984375,-0.011353215215876178
2022-09-16,368.93133544921875,-0.00762891191469961
2022-09-19,371.7923889160156,0.007754975497847649
2022-09-20,367.5246887207031,-0.011478718560525847
2022-09-21,361.11370849609375,-0.017443672279337186
2022-09-22,358.08038330078125,-0.008399917045368355
2022-09-23,352.08087158203125,-0.016754650627455625
2022-09-26,348.5977783203125,-0.009892878434627606
2022-09-27,347.7079162597656,-0.002552689993707391
2022-09-28,354.5495300292969,0.01967632443668621
2022-09-29,347.14337158203125,-0.02088892473402415
2022-09-30,341.7752990722656,-0.015463560445650448
2022-10-03,350.7986145019531,0.026401309439801235
2022-10-04,361.6686706542969,0.03098659944189497
2022-10-05,360.8266296386719,-0.002328211105766087
2022-10-06,357.1043701171875,-0.010315922428485447
2022-10-07,347.14337158203125,-0.02789380183694601
2022-10-10,344.4927978515625,-0.007635386262423327
2022-10-11,342.3111877441406,-0.006332817757083831
2022-10-12,341.1820373535156,-0.0032986079072266916
2022-10-13,350.18621826171875,0.02639113412314087
2022-10-14,342.2059326171875,-0.02278869135440109
2022-10-17,350.9996032714844,0.025697014037842525
2022-10-18,355.12371826171875,0.011749628637171217
2022-10-19,352.6070556640625,-0.007086720678570746
2022-10-20,349.65032958984375,-0.008385328729881403
2022-10-21,358.1474914550781,0.024301884328843393
2022-10-24,362.5299072265625,0.012236343618321932
2022-10-25,368.31890869140625,0.01596834178214679
2022-10-26,365.5440368652344,-0.007533883709719524
2022-10-27,363.5920104980469,-0.0053400580239998385
2022-10-28,372.2420654296875,0.02379055282263165
2022-10-31,369.55328369140625,-0.007223207659718733
2022-11-01,367.9361572265625,-0.004375895266551355
2022-11-02,358.7023620605469,-0.025096188522537033
2022-11-03,355.0088195800781,-0.010296956114956624
2022-11-04,360.1185302734375,0.01439319366601488
2022-11-07,363.56329345703125,0.009565637127803894
2022-11-08,365.52490234375,0.005395508628129875
2022-11-09,357.99432373046875,-0.02060209459053297
2022-11-10,377.6675720214844,0.05495407884128212
2022-11-11,381.3228454589844,0.00967854724178463
2022-11-14,378.0790100097656,-0.008506795456522553
2022-11-15,381.30364990234375,0.008529010622660094
2022-11-16,378.3948059082031,-0.007628681222657141
2022-11-17,377.2369384765625,-0.003059945362784755
2022-11-18,378.9498291015625,0.004540622750034418
2022-11-21,377.5718994140625,-0.0036361797306173615
2022-11-22,382.65289306640625,0.013457022782227046
2022-11-23,385.06414794921875,0.006301415529593513
2022-11-25,384.9780578613281,-0.00022357336653933135
2022-11-28,378.8349609375,-0.01595700533675848
2022-11-29,378.1842956542969,-0.0017175428624457423
2022-11-30,390.0973205566406,0.031500580640803744
2022-12-01,389.8102722167969,-0.000735837763341074
2022-12-02,389.3605651855469,-0.0011536561843087378
2022-12-05,382.3561706542969,-0.017989481107086758
2022-12-06,376.8446350097656,-0.014414663780892512
2022-12-07,376.20355224609375,-0.0017011858578145356
2022-12-08,379.15069580078125,0.007833906769598054
2022-12-09,376.3183898925781,-0.0074701324290628035
2022-12-12,381.74383544921875,0.01441716828717654
2022-12-13,384.6335754394531,0.0075698406153275055
2022-12-14,382.1744384765625,-0.006393453717816966
2022-12-15,372.8258056640625,-0.024461690451527462
2022-12-16,368.4241943359375,-0.011806080108336503
2022-12-19,365.3000183105469,-0.00847983404298891
2022-12-20,365.7999267578125,0.001368487331529833
2022-12-21,371.26953125,0.014952448297806287
2022-12-22,365.972900390625,-0.014266268609606003
2022-12-23,368.078125,0.0057524057303914855
2022-12-27,366.6266174316406,-0.00394347685931995
2022-12-28,362.0702209472656,-0.012427893305440585
2022-12-29,368.58758544921875,0.018000277639243834
2022-12-30,367.61669921875,-0.002634071978537933
2023-01-03,366.069091796875,-0.0042098398281795735
2023-01-04,368.89520263671875,0.007720156940788314
2023-01-05,364.68487548828125,-0.01141334210459699
2023-01-06,373.0478820800781,0.02293214540526134
2023-01-09,372.83636474609375,-0.000566997814878234
2023-01-10,375.4510192871094,0.007012874247918965
2023-01-11,380.19964599609375,0.012647792827945592
2023-01-12,381.5838928222656,0.0036408419648714663
2023-01-13,383.0642395019531,0.003879478949539994
2023-01-17,382.3625183105469,-0.0018318629593788716
2023-01-18,376.32574462890625,-0.015788089555204943
2023-01-19,373.5862121582031,-0.007279683916933677
2023-01-20,380.5458068847656,0.01862915305775603
2023-01-23,385.1116943359375,0.01199825978519975
2023-01-24,384.698486328125,-0.001072956271881087
2023-01-25,384.84259033203125,0.000374589474686271
2023-01-26,389.0721740722656,0.010990425297223938
2023-01-27,389.966064453125,0.0022974924459473467
2023-01-30,385.0732727050781,-0.012546711609145667
2023-01-31,390.7351379394531,0.014703345144162494
2023-02-01,394.8878173828125,0.010627862815866918
2023-02-02,400.63616943359375,0.014556924264920168
2023-02-03,396.3777770996094,-0.010629076101652868
2023-02-06,393.9554138183594,-0.0061112489680299475
2023-02-07,399.1077575683594,0.01307849459425281
2023-02-08,394.7436218261719,-0.010934730431642947
2023-02-09,391.3215026855469,-0.008669219593196997
2023-02-10,392.2347106933594,0.002333651490003419
2023-02-13,396.8391418457031,0.011738969109093889
2023-02-14,396.65655517578125,-0.00046010247142624916
2023-02-15,397.9446105957031,0.003247281314564532
2023-02-16,392.46539306640625,-0.013768794408585583
2023-02-17,391.4849548339844,-0.002498152065743997
2023-02-21,383.63140869140625,-0.020060914335542135
2023-02-22,383.1026611328125,-0.0013782697313480252
2023-02-23,385.14056396484375,0.005319469267076604
2023-02-24,381.0263671875,-0.010682325265845782
2023-02-27,382.32403564453125,0.003405718261992874
2023-02-28,380.9110412597656,-0.003695803174873835
2023-03-01,379.4498596191406,-0.0038360180786372045
2023-03-02,382.4010009765625,0.007777421133806639
2023-03-03,388.5338439941406,0.016037727416811975
2023-03-06,388.802978515625,0.0006926926074641848
2023-03-07,382.8431396484375,-0.015328686240884792
2023-03-08,383.4679260253906,0.00163196440591018
2023-03-09,376.3930358886719,-0.018449757219721974
2023-03-10,370.9619445800781,-0.014429308703256982
2023-03-13,370.4332275390625,-0.0014252595144608193
2023-03-14,376.5565490722656,0.0165301627337342
2023-03-15,374.2013854980469,-0.00625447513798727
2023-03-16,380.7668151855469,0.017545177388270883
2023-03-17,376.3146057128906,-0.011692745520606063
2023-03-20,379.9331359863281,0.00961570510021148
2023-03-21,384.92181396484375,0.013130410343295651
2023-03-22,378.36029052734375,-0.017046379808703938
2023-03-23,379.38311767578125,0.0027033152633748614
2023-03-24,381.8726501464844,0.006562053909922927
2023-03-27,382.5867614746094,0.0018700248049998702
2023-03-28,381.7279357910156,-0.002244786725718262
2023-03-29,387.2762756347656,0.014534801683436571
2023-03-30,389.5438537597656,0.005855195031720717
2023-03-31,395.0343322753906,0.014094635206363781
2023-04-03,396.5396728515625,0.003810657588926958
2023-04-04,394.3396301269531,-0.0055481024352207475
2023-04-05,393.30706787109375,-0.002618459259412842
2023-04-06,394.8413391113281,0.003900950085995447
2023-04-10,395.2466735839844,0.001026575569742949
2023-04-11,395.35272216796875,0.00026830987095416425
2023-04-12,393.7413330078125,-0.004075826647455427
2023-04-13,398.9712829589844,0.01328270494545225
2023-04-14,397.9966735839844,-0.0024428058274564846
2023-04-17,399.42474365234375,0.003588145738755877
2023-04-18,399.685302734375,0.0006523358559329395
2023-04-19,399.6177978515625,-0.0001688950840841308
2023-04-20,397.4370422363281,-0.00545710332962801
2023-04-21,397.7458190917969,0.0007769201726424146
2023-04-24,398.1607360839844,0.0010431712221008471
2023-04-25,391.84039306640625,-0.015873848033686966
2023-04-26,390.18072509765625,-0.004235571416622008
2023-04-27,397.9484558105469,0.019908032901795547
2023-04-28,401.3450012207031,0.008535139062766595
2023-05-01,400.939697265625,-0.00100986421618654
2023-05-02,396.43353271484375,-0.011239008213736135
2023-05-03,393.7123718261719,-0.006864103725123583
2023-05-04,390.9237060546875,-0.007083002646194769
2023-05-05,398.1607360839844,0.018512640490225163
2023-05-08,398.2668762207031,0.00026657610130698117
2023-05-09,396.52032470703125,-0.004385379799207834
2023-05-10,398.373046875,0.0046724519590204405
2023-05-11,397.6782531738281,-0.0017440780861609495
2023-05-12,397.1571960449219,-0.001310247982502788
2023-05-15,398.5274353027344,0.003450118168468297
2023-05-16,395.8641662597656,-0.006682774652504553
2023-05-17,400.6695556640625,0.012138985576036099
2023-05-18,404.5293273925781,0.009633304237748996
2023-05-19,403.9407043457031,-0.0014550812685670822
2023-05-22,404.1047668457031,0.0004061549089631189
2023-05-23,399.56951904296875,-0.011222950518834263
2023-05-24,396.67474365234375,-0.00724473527800229
2023-05-25,400.10986328125,0.008659789119109806
2023-05-26,405.29156494140625,0.012950697135186262
2023-05-30,405.44598388671875,0.00038100705435306637
2023-05-31,403.1977233886719,-0.005545154194140589
2023-06-01,407.0284729003906,0.009500920490133735
2023-06-02,412.9145812988281,0.014461171122733596
2023-06-05,412.1233215332031,-0.0019162795441519664
2023-06-06,413.0207214355469,0.0021775033235322816
2023-06-07,411.5926208496094,-0.0034576971852012806
2023-06-08,414.0821533203125,0.006048535237498154
2023-06-09,414.8251037597656,0.001794210239431493
2023-06-12,418.58837890625,0.009071956138565263
2023-06-13,421.3481140136719,0.006592956819854612
2023-06-14,421.8498229980469,0.001190723223122525
2023-06-15,427.0798034667969,0.012397730622668135
2023-06-16,425.62506103515625,-0.0034062543342762153
2023-06-20,423.4168701171875,-0.005188113013360307
2023-06-21,421.2473449707031,-0.005123851456093176
2023-06-22,422.7679443359375,0.003609754182166025
2023-06-23,419.57183837890625,-0.007559953397250907
2023-06-26,417.8575439453125,-0.004085818629337101
2023-06-27,422.4386901855469,0.010963416376261303
2023-06-28,422.65179443359375,0.0005044619562504238
2023-06-29,424.3175964355469,0.003941310610512172
2023-06-30,429.3247985839844,0.011800599811321089
2023-07-03,429.8187561035156,0.0011505450445918886
2023-07-05,429.17950439453125,-0.0014872587571083118
2023-07-06,425.81878662109375,-0.007830564458521039
2023-07-07,424.7437438964844,-0.0025246484147397608
2023-07-10,425.81878662109375,0.00253103839681601
2023-07-11,428.53057861328125,0.006368417921871927
2023-07-12,431.97857666015625,0.008046095702277878
2023-07-13,435.4070739746094,0.007936729966936173
2023-07-14,435.13592529296875,-0.0006227475340844224
2023-07-17,436.6468200683594,0.0034722363463173256
2023-07-18,439.891357421875,0.007430575935507111
2023-07-19,440.86956787109375,0.0022237546446737255
2023-07-20,437.94464111328125,-0.0066344492134864375
2023-07-21,437.94464111328125,0.0
2023-07-24,439.90106201171875,0.004467279000067492
2023-07-25,441.1020202636719,0.0027300644523589046
2023-07-26,441.1698303222656,0.00015372874182983942
2023-07-27,438.2448425292969,-0.006630072121731723
2023-07-28,442.5354309082031,0.00979039103835988
2023-07-31,443.3780212402344,0.001904006488931298
2023-08-01,442.1093444824219,-0.002861388469964532
2023-08-02,435.9591979980469,-0.013910917199850159
2023-08-03,434.7098083496094,-0.0028658407809143416
2023-08-04,432.74371337890625,-0.0045227757297851
2023-08-07,436.5209045410156,0.00872847148400302
2023-08-08,434.6226501464844,-0.00434859905856555
2023-08-09,431.717041015625,-0.006685360576306976
2023-08-10,431.87200927734375,0.0003589579446625635
2023-08-11,431.62017822265625,-0.0005831150185188205
2023-08-14,434.00274658203125,0.005520057864732086
2023-08-15,428.94708251953125,-0.01164892181516286
2023-08-16,425.7994384765625,-0.00733807075800641
2023-08-17,422.5549011230469,-0.0076198723162341775
2023-08-18,422.75830078125,0.00048135676018090656
2023-08-21,425.50885009765625,0.006506198249267348
2023-08-22,424.3563232421875,-0.002708584921804147
2023-08-23,429.0826721191406,0.011137689291024655
2023-08-24,423.135986328125,-0.013859067674875547
2023-08-25,426.1190490722656,0.007049891383682505
2023-08-28,428.8211975097656,0.006341299323236127
2023-08-29,435.01971435546875,0.01445478181045834
2023-08-30,436.8114318847656,0.004118704210799962
2023-08-31,436.1722412109375,-0.0014633103146365345
2023-09-01,436.9858093261719,0.0018652450531368991
2023-09-05,435.09716796875,-0.004321974117040828
2023-09-06,432.1722717285156,-0.006722397789646006
2023-09-07,430.8453674316406,-0.00307031335344099
2023-09-08,431.4942932128906,0.0015061686403137209
2023-09-11,434.33209228515625,0.0065766781088469894
2023-09-12,431.94952392578125,-0.005485591329067008
2023-09-13,432.4531555175781,0.0011659501027332375
2023-09-14,436.181884765625,0.00862227318837383
2023-09-15,430.9266357421875,-0.012048297297493904
2023-09-18,431.1794128417969,0.0005865896388002056
2023-09-19,430.2851867675781,-0.0020739071662191355
2023-09-20,426.3294372558594,-0.009193320228928714
2023-09-21,419.2829284667969,-0.016528318650521845
2023-09-22,418.3401184082031,-0.0022486249608142383
2023-09-25,420.09930419921875,0.004205156793733789
2023-09-26,413.9276123046875,-0.014691030984437248
2023-09-27,414.0928039550781,0.00039908342782668527
2023-09-28,416.493408203125,0.005797261447478164
2023-09-29,415.4826354980469,-0.0024268636313811154
2023-10-02,415.3174133300781,-0.0003976632327141738
2023-10-03,409.7579040527344,-0.01338616946678628
2023-10-04,412.7417907714844,0.007282072387714056
2023-10-05,412.58624267578125,-0.0003768653894057339
2023-10-06,417.48480224609375,0.011872813641442548
2023-10-09,420.1576232910156,0.006402199626290406
2023-10-10,422.3445129394531,0.005204926739893478
2023-10-11,424.0745849609375,0.004096352547457771
2023-10-12,421.4891662597656,-0.006096613173387944
2023-10-13,419.3897705078125,-0.004980900862963766
2023-10-16,423.8023986816406,0.01052154459677257
2023-10-17,423.7829284667969,-4.5941728749832045e-05
2023-10-18,418.1360168457031,-0.013325009673050503
2023-10-19,414.4621276855469,-0.00878634944645762
2023-10-20,409.3691711425781,-0.012288110789299367
2023-10-23,408.65966796875,-0.0017331622013642134
2023-10-24,411.7406311035156,0.007539190618148339
2023-10-25,405.831298828125,-0.01435207465329058
2023-10-26,400.9716491699219,-0.011974556108007905
2023-10-27,399.15411376953125,-0.004532827705283515
2023-10-30,403.9263000488281,0.011955748706256042
2023-10-31,406.4631042480469,0.006280364014207729
2023-11-01,410.79791259765625,0.010664703153386412
2023-11-02,418.6706237792969,0.01916443813421065
2023-11-03,422.4902648925781,0.00912326037781619
2023-11-06,423.46221923828125,0.0023005366666857263
2023-11-07,424.66741943359375,0.0028460630973889955
2023-11-08,424.9784851074219,0.0007324924390079701
2023-11-09,421.66412353515625,-0.007798892622594367
2023-11-10,428.244140625,0.015604877727509958
2023-11-13,427.83587646484375,-0.000953344416015578
2023-11-14,436.13629150390625,0.019400932683925065
2023-11-15,437.05963134765625,0.002117090143005651
2023-11-16,437.59417724609375,0.0012230502661370046
2023-11-17,438.138427734375,0.0012437333871908596
2023-11-20,441.5110168457031,0.007697542369812016
2023-11-21,440.5487976074219,-0.002179377640801894
2023-11-22,442.24969482421875,0.0038608599683718214
2023-11-24,442.5218811035156,0.0006154583767550292
2023-11-27,441.72491455078125,-0.0018009653008501658
2023-11-28,442.1622314453125,0.0009900208933788512
2023-11-29,441.8512268066406,-0.0007033722388619656
2023-11-30,443.5909423828125,0.0039373333616050665
2023-12-01,446.2151794433594,0.005915894148898593
2023-12-04,443.8728332519531,-0.005249364654802302
2023-12-05,443.785400390625,-0.00019697727542267174
2023-12-06,441.9970397949219,-0.004029786906304289
2023-12-07,445.3695983886719,0.007630274164991624
2023-12-08,447.2843017578125,0.0042991335198179215
2023-12-11,449.0240783691406,0.003889643800354392
2023-12-12,451.0749206542969,0.0045673325417312505
2023-12-13,457.29522705078125,0.013789962845776493
2023-12-14,458.7629089355469,0.0032094843723409205
2023-12-15,458.00750732421875,-0.0016466056793493777
2023-12-18,460.5838928222656,0.005625203641526966
2023-12-19,463.3846435546875,0.0060808699046335235
2023-12-20,456.9633483886719,-0.013857375843871256
2023-12-21,461.2962951660156,0.009482044441031068
2023-12-22,462.22332763671875,0.0020096247908722997
2023-12-26,464.1750793457031,0.004222529656742857
2023-12-27,465.0143127441406,0.0018080104593733992
2023-12-28,465.1899719238281,0.00037775004956497327
2023-12-29,463.8432922363281,-0.0028949026608005024
